Central_x,Central_y,Oeste_x,Oeste_y,Este_x,Este_y,Sur_x,Sur_y,Norte_x,Norte_y
0.000000,0.000000,-4999.998999,-2.000000,4999.998999,2.000000,2.000000,-4999.998999,-2.000000,4999.998999
0.000000,0.000000,-4999.995995,-4.000000,4999.995995,4.000000,4.000000,-4999.995995,-4.000000,4999.995995
0.000000,0.000000,-4999.990988,-5.999998,4999.990988,5.999998,5.999998,-4999.990988,-5.999998,4999.990988
0.000000,0.000000,-4999.983979,-7.999994,4999.983979,7.999994,7.999994,-4999.983979,-7.999994,4999.983979
0.000000,0.000000,-4999.974966,-9.999988,4999.974966,9.999988,9.999988,-4999.974966,-9.999988,4999.974966
0.000000,0.000000,-4999.963952,-11.999978,4999.963952,11.999978,11.999978,-4999.963952,-11.999978,4999.963952
0.000000,0.000000,-4999.950934,-13.999964,4999.950934,13.999964,13.999964,-4999.950934,-13.999964,4999.950934
0.000000,0.000000,-4999.935914,-15.999944,4999.935914,15.999944,15.999944,-4999.935914,-15.999944,4999.935914
0.000000,0.000000,-4999.918891,-17.999918,4999.918891,17.999918,17.999918,-4999.918891,-17.999918,4999.918891
0.000000,0.000000,-4999.899866,-19.999886,4999.899866,19.999886,19.999886,-4999.899866,-19.999886,4999.899866
0.000000,0.000000,-4999.878838,-21.999846,4999.878838,21.999846,21.999846,-4999.878838,-21.999846,4999.878838
0.000000,0.000000,-4999.855807,-23.999797,4999.855807,23.999797,23.999797,-4999.855807,-23.999797,4999.855807
0.000000,0.000000,-4999.830773,-25.999740,4999.830773,25.999740,25.999740,-4999.830773,-25.999740,4999.830773
0.000000,0.000000,-4999.803736,-27.999672,4999.803736,27.999672,27.999672,-4999.803736,-27.999672,4999.803736
0.000000,0.000000,-4999.774697,-29.999593,4999.774697,29.999593,29.999593,-4999.774697,-29.999593,4999.774697
0.000000,0.000000,-4999.743655,-31.999503,4999.743655,31.999503,31.999503,-4999.743655,-31.999503,4999.743655
0.000000,0.000000,-4999.710611,-33.999401,4999.710611,33.999401,33.999401,-4999.710611,-33.999401,4999.710611
0.000000,0.000000,-4999.675563,-35.999285,4999.675563,35.999285,35.999285,-4999.675563,-35.999285,4999.675563
0.000000,0.000000,-4999.638513,-37.999155,4999.638513,37.999155,37.999155,-4999.638513,-37.999155,4999.638513
0.000000,0.000000,-4999.599460,-39.999011,4999.599460,39.999011,39.999011,-4999.599460,-39.999011,4999.599460
0.000000,0.000000,-4999.558404,-41.998850,4999.558404,41.998850,41.998850,-4999.558404,-41.998850,4999.558404
0.000000,0.000000,-4999.515346,-43.998674,4999.515346,43.998674,43.998674,-4999.515346,-43.998674,4999.515346
0.000000,0.000000,-4999.470284,-45.998480,4999.470284,45.998480,45.998480,-4999.470284,-45.998480,4999.470284
0.000000,0.000000,-4999.423220,-47.998268,4999.423220,47.998268,47.998268,-4999.423220,-47.998268,4999.423220
0.000000,0.000000,-4999.374153,-49.998037,4999.374153,49.998037,49.998037,-4999.374153,-49.998037,4999.374153
0.000000,0.000000,-4999.323083,-51.997787,4999.323083,51.997787,51.997787,-4999.323083,-51.997787,4999.323083
0.000000,0.000000,-4999.270010,-53.997516,4999.270010,53.997516,53.997516,-4999.270010,-53.997516,4999.270010
0.000000,0.000000,-4999.214934,-55.997224,4999.214934,55.997224,55.997224,-4999.214934,-55.997224,4999.214934
0.000000,0.000000,-4999.157855,-57.996910,4999.157855,57.996910,57.996910,-4999.157855,-57.996910,4999.157855
0.000000,0.000000,-4999.098774,-59.996573,4999.098774,59.996573,59.996573,-4999.098774,-59.996573,4999.098774
0.000000,0.000000,-4999.037689,-61.996213,4999.037689,61.996213,61.996213,-4999.037689,-61.996213,4999.037689
0.000000,0.000000,-4998.974601,-63.995828,4998.974601,63.995828,63.995828,-4998.974601,-63.995828,4998.974601
0.000000,0.000000,-4998.909511,-65.995417,4998.909511,65.995417,65.995417,-4998.909511,-65.995417,4998.909511
0.000000,0.000000,-4998.842417,-67.994981,4998.842417,67.994981,67.994981,-4998.842417,-67.994981,4998.842417
0.000000,0.000000,-4998.773321,-69.994518,4998.773321,69.994518,69.994518,-4998.773321,-69.994518,4998.773321
0.000000,0.000000,-4998.702221,-71.994027,4998.702221,71.994027,71.994027,-4998.702221,-71.994027,4998.702221
0.000000,0.000000,-4998.629118,-73.993508,4998.629118,73.993508,73.993508,-4998.629118,-73.993508,4998.629118
0.000000,0.000000,-4998.554012,-75.992960,4998.554012,75.992960,75.992960,-4998.554012,-75.992960,4998.554012
0.000000,0.000000,-4998.476903,-77.992381,4998.476903,77.992381,77.992381,-4998.476903,-77.992381,4998.476903
0.000000,0.000000,-4998.397791,-79.991772,4998.397791,79.991772,79.991772,-4998.397791,-79.991772,4998.397791
0.000000,0.000000,-4998.316675,-81.991131,4998.316675,81.991131,81.991131,-4998.316675,-81.991131,4998.316675
0.000000,0.000000,-4998.233557,-83.990457,4998.233557,83.990457,83.990457,-4998.233557,-83.990457,4998.233557
0.000000,0.000000,-4998.148435,-85.989751,4998.148435,85.989751,85.989751,-4998.148435,-85.989751,4998.148435
0.000000,0.000000,-4998.061310,-87.989010,4998.061310,87.989010,87.989010,-4998.061310,-87.989010,4998.061310
0.000000,0.000000,-4997.972182,-89.988234,4997.972182,89.988234,89.988234,-4997.972182,-89.988234,4997.972182
0.000000,0.000000,-4997.881050,-91.987423,4997.881050,91.987423,91.987423,-4997.881050,-91.987423,4997.881050
0.000000,0.000000,-4997.787915,-93.986575,4997.787915,93.986575,93.986575,-4997.787915,-93.986575,4997.787915
0.000000,0.000000,-4997.692776,-95.985690,4997.692776,95.985690,95.985690,-4997.692776,-95.985690,4997.692776
0.000000,0.000000,-4997.595634,-97.984767,4997.595634,97.984767,97.984767,-4997.595634,-97.984767,4997.595634
0.000000,0.000000,-4997.496489,-99.983805,4997.496489,99.983805,99.983805,-4997.496489,-99.983805,4997.496489
0.000000,0.000000,-4997.395340,-101.982803,4997.395340,101.982803,101.982803,-4997.395340,-101.982803,4997.395340
0.000000,0.000000,-4997.292188,-103.981761,4997.292188,103.981761,103.981761,-4997.292188,-103.981761,4997.292188
0.000000,0.000000,-4997.187032,-105.980677,4997.187032,105.980677,105.980677,-4997.187032,-105.980677,4997.187032
0.000000,0.000000,-4997.079873,-107.979552,4997.079873,107.979552,107.979552,-4997.079873,-107.979552,4997.079873
0.000000,0.000000,-4996.970710,-109.978383,4996.970710,109.978383,109.978383,-4996.970710,-109.978383,4996.970710
0.000000,0.000000,-4996.859544,-111.977171,4996.859544,111.977171,111.977171,-4996.859544,-111.977171,4996.859544
0.000000,0.000000,-4996.746373,-113.975915,4996.746373,113.975915,113.975915,-4996.746373,-113.975915,4996.746373
0.000000,0.000000,-4996.631199,-115.974613,4996.631199,115.974613,115.974613,-4996.631199,-115.974613,4996.631199
0.000000,0.000000,-4996.514022,-117.973264,4996.514022,117.973264,117.973264,-4996.514022,-117.973264,4996.514022
0.000000,0.000000,-4996.394840,-119.971869,4996.394840,119.971869,119.971869,-4996.394840,-119.971869,4996.394840
0.000000,0.000000,-4996.273655,-121.970427,4996.273655,121.970427,121.970427,-4996.273655,-121.970427,4996.273655
0.000000,0.000000,-4996.150466,-123.968936,4996.150466,123.968936,123.968936,-4996.150466,-123.968936,4996.150466
0.000000,0.000000,-4996.025273,-125.967395,4996.025273,125.967395,125.967395,-4996.025273,-125.967395,4996.025273
0.000000,0.000000,-4995.898076,-127.965804,4995.898076,127.965804,127.965804,-4995.898076,-127.965804,4995.898076
0.000000,0.000000,-4995.768875,-129.964163,4995.768875,129.964163,129.964163,-4995.768875,-129.964163,4995.768875
0.000000,0.000000,-4995.637670,-131.962469,4995.637670,131.962469,131.962469,-4995.637670,-131.962469,4995.637670
0.000000,0.000000,-4995.504461,-133.960724,4995.504461,133.960724,133.960724,-4995.504461,-133.960724,4995.504461
0.000000,0.000000,-4995.369248,-135.958924,4995.369248,135.958924,135.958924,-4995.369248,-135.958924,4995.369248
0.000000,0.000000,-4995.232030,-137.957071,4995.232030,137.957071,137.957071,-4995.232030,-137.957071,4995.232030
0.000000,0.000000,-4995.092809,-139.955163,4995.092809,139.955163,139.955163,-4995.092809,-139.955163,4995.092809
0.000000,0.000000,-4994.951583,-141.953199,4994.951583,141.953199,141.953199,-4994.951583,-141.953199,4994.951583
0.000000,0.000000,-4994.808353,-143.951178,4994.808353,143.951178,143.951178,-4994.808353,-143.951178,4994.808353
0.000000,0.000000,-4994.663119,-145.949100,4994.663119,145.949100,145.949100,-4994.663119,-145.949100,4994.663119
0.000000,0.000000,-4994.515880,-147.946964,4994.515880,147.946964,147.946964,-4994.515880,-147.946964,4994.515880
0.000000,0.000000,-4994.366637,-149.944769,4994.366637,149.944769,149.944769,-4994.366637,-149.944769,4994.366637
0.000000,0.000000,-4994.215390,-151.942514,4994.215390,151.942514,151.942514,-4994.215390,-151.942514,4994.215390
0.000000,0.000000,-4994.062138,-153.940199,4994.062138,153.940199,153.940199,-4994.062138,-153.940199,4994.062138
0.000000,0.000000,-4993.906881,-155.937822,4993.906881,155.937822,155.937822,-4993.906881,-155.937822,4993.906881
0.000000,0.000000,-4993.749620,-157.935383,4993.749620,157.935383,157.935383,-4993.749620,-157.935383,4993.749620
0.000000,0.000000,-4993.590354,-159.932881,4993.590354,159.932881,159.932881,-4993.590354,-159.932881,4993.590354
0.000000,0.000000,-4993.429083,-161.930315,4993.429083,161.930315,161.930315,-4993.429083,-161.930315,4993.429083
0.000000,0.000000,-4993.265808,-163.927684,4993.265808,163.927684,163.927684,-4993.265808,-163.927684,4993.265808
0.000000,0.000000,-4993.100527,-165.924988,4993.100527,165.924988,165.924988,-4993.100527,-165.924988,4993.100527
0.000000,0.000000,-4992.933242,-167.922226,4992.933242,167.922226,167.922226,-4992.933242,-167.922226,4992.933242
0.000000,0.000000,-4992.763952,-169.919397,4992.763952,169.919397,169.919397,-4992.763952,-169.919397,4992.763952
0.000000,0.000000,-4992.592657,-171.916500,4992.592657,171.916500,171.916500,-4992.592657,-171.916500,4992.592657
0.000000,0.000000,-4992.419357,-173.913535,4992.419357,173.913535,173.913535,-4992.419357,-173.913535,4992.419357
0.000000,0.000000,-4992.244052,-175.910499,4992.244052,175.910499,175.910499,-4992.244052,-175.910499,4992.244052
0.000000,0.000000,-4992.066742,-177.907394,4992.066742,177.907394,177.907394,-4992.066742,-177.907394,4992.066742
0.000000,0.000000,-4991.887427,-179.904218,4991.887427,179.904218,179.904218,-4991.887427,-179.904218,4991.887427
0.000000,0.000000,-4991.706106,-181.900970,4991.706106,181.900970,181.900970,-4991.706106,-181.900970,4991.706106
0.000000,0.000000,-4991.522780,-183.897649,4991.522780,183.897649,183.897649,-4991.522780,-183.897649,4991.522780
0.000000,0.000000,-4991.337449,-185.894254,4991.337449,185.894254,185.894254,-4991.337449,-185.894254,4991.337449
0.000000,0.000000,-4991.150112,-187.890786,4991.150112,187.890786,187.890786,-4991.150112,-187.890786,4991.150112
0.000000,0.000000,-4990.960769,-189.887242,4990.960769,189.887242,189.887242,-4990.960769,-189.887242,4990.960769
0.000000,0.000000,-4990.769421,-191.883622,4990.769421,191.883622,191.883622,-4990.769421,-191.883622,4990.769421
0.000000,0.000000,-4990.576068,-193.879926,4990.576068,193.879926,193.879926,-4990.576068,-193.879926,4990.576068
0.000000,0.000000,-4990.380709,-195.876152,4990.380709,195.876152,195.876152,-4990.380709,-195.876152,4990.380709
0.000000,0.000000,-4990.183344,-197.872300,4990.183344,197.872300,197.872300,-4990.183344,-197.872300,4990.183344
0.000000,0.000000,-4989.983973,-199.868368,4989.983973,199.868368,199.868368,-4989.983973,-199.868368,4989.983973
0.000000,0.000000,-4989.782597,-201.864357,4989.782597,201.864357,201.864357,-4989.782597,-201.864357,4989.782597
0.000000,0.000000,-4989.579214,-203.860265,4989.579214,203.860265,203.860265,-4989.579214,-203.860265,4989.579214
0.000000,0.000000,-4989.373826,-205.856091,4989.373826,205.856091,205.856091,-4989.373826,-205.856091,4989.373826
0.000000,0.000000,-4989.166431,-207.851836,4989.166431,207.851836,207.851836,-4989.166431,-207.851836,4989.166431
0.000000,0.000000,-4988.957030,-209.847496,4988.957030,209.847496,209.847496,-4988.957030,-209.847496,4988.957030
0.000000,0.000000,-4988.745623,-211.843073,4988.745623,211.843073,211.843073,-4988.745623,-211.843073,4988.745623
0.000000,0.000000,-4988.532210,-213.838565,4988.532210,213.838565,213.838565,-4988.532210,-213.838565,4988.532210
0.000000,0.000000,-4988.316791,-215.833972,4988.316791,215.833972,215.833972,-4988.316791,-215.833972,4988.316791
0.000000,0.000000,-4988.099365,-217.829292,4988.099365,217.829292,217.829292,-4988.099365,-217.829292,4988.099365
0.000000,0.000000,-4987.879933,-219.824525,4987.879933,219.824525,219.824525,-4987.879933,-219.824525,4987.879933
0.000000,0.000000,-4987.658494,-221.819670,4987.658494,221.819670,221.819670,-4987.658494,-221.819670,4987.658494
0.000000,0.000000,-4987.435048,-223.814726,4987.435048,223.814726,223.814726,-4987.435048,-223.814726,4987.435048
0.000000,0.000000,-4987.209596,-225.809692,4987.209596,225.809692,225.809692,-4987.209596,-225.809692,4987.209596
0.000000,0.000000,-4986.982137,-227.804568,4986.982137,227.804568,227.804568,-4986.982137,-227.804568,4986.982137
0.000000,0.000000,-4986.752671,-229.799353,4986.752671,229.799353,229.799353,-4986.752671,-229.799353,4986.752671
0.000000,0.000000,-4986.521199,-231.794045,4986.521199,231.794045,231.794045,-4986.521199,-231.794045,4986.521199
0.000000,0.000000,-4986.287719,-233.788645,4986.287719,233.788645,233.788645,-4986.287719,-233.788645,4986.287719
0.000000,0.000000,-4986.052232,-235.783151,4986.052232,235.783151,235.783151,-4986.052232,-235.783151,4986.052232
0.000000,0.000000,-4985.814739,-237.777562,4985.814739,237.777562,237.777562,-4985.814739,-237.777562,4985.814739
0.000000,0.000000,-4985.575238,-239.771878,4985.575238,239.771878,239.771878,-4985.575238,-239.771878,4985.575238
0.000000,0.000000,-4985.333729,-241.766098,4985.333729,241.766098,241.766098,-4985.333729,-241.766098,4985.333729
0.000000,0.000000,-4985.090214,-243.760221,4985.090214,243.760221,243.760221,-4985.090214,-243.760221,4985.090214
0.000000,0.000000,-4984.844690,-245.754247,4984.844690,245.754247,245.754247,-4984.844690,-245.754247,4984.844690
0.000000,0.000000,-4984.597160,-247.748173,4984.597160,247.748173,247.748173,-4984.597160,-247.748173,4984.597160
0.000000,0.000000,-4984.347622,-249.742001,4984.347622,249.742001,249.742001,-4984.347622,-249.742001,4984.347622
0.000000,0.000000,-4984.096076,-251.735728,4984.096076,251.735728,251.735728,-4984.096076,-251.735728,4984.096076
0.000000,0.000000,-4983.842522,-253.729354,4983.842522,253.729354,253.729354,-4983.842522,-253.729354,4983.842522
0.000000,0.000000,-4983.586961,-255.722878,4983.586961,255.722878,255.722878,-4983.586961,-255.722878,4983.586961
0.000000,0.000000,-4983.329391,-257.716300,4983.329391,257.716300,257.716300,-4983.329391,-257.716300,4983.329391
0.000000,0.000000,-4983.069814,-259.709618,4983.069814,259.709618,259.709618,-4983.069814,-259.709618,4983.069814
0.000000,0.000000,-4982.808229,-261.702832,4982.808229,261.702832,261.702832,-4982.808229,-261.702832,4982.808229
0.000000,0.000000,-4982.544635,-263.695941,4982.544635,263.695941,263.695941,-4982.544635,-263.695941,4982.544635
0.000000,0.000000,-4982.279033,-265.688944,4982.279033,265.688944,265.688944,-4982.279033,-265.688944,4982.279033
0.000000,0.000000,-4982.011423,-267.681841,4982.011423,267.681841,267.681841,-4982.011423,-267.681841,4982.011423
0.000000,0.000000,-4981.741804,-269.674630,4981.741804,269.674630,269.674630,-4981.741804,-269.674630,4981.741804
0.000000,0.000000,-4981.470177,-271.667310,4981.470177,271.667310,271.667310,-4981.470177,-271.667310,4981.470177
0.000000,0.000000,-4981.196541,-273.659882,4981.196541,273.659882,273.659882,-4981.196541,-273.659882,4981.196541
0.000000,0.000000,-4980.920897,-275.652343,4980.920897,275.652343,275.652343,-4980.920897,-275.652343,4980.920897
0.000000,0.000000,-4980.643244,-277.644694,4980.643244,277.644694,277.644694,-4980.643244,-277.644694,4980.643244
0.000000,0.000000,-4980.363582,-279.636933,4980.363582,279.636933,279.636933,-4980.363582,-279.636933,4980.363582
0.000000,0.000000,-4980.081911,-281.629060,4980.081911,281.629060,281.629060,-4980.081911,-281.629060,4980.081911
0.000000,0.000000,-4979.798231,-283.621073,4979.798231,283.621073,283.621073,-4979.798231,-283.621073,4979.798231
0.000000,0.000000,-4979.512542,-285.612973,4979.512542,285.612973,285.612973,-4979.512542,-285.612973,4979.512542
0.000000,0.000000,-4979.224843,-287.604757,4979.224843,287.604757,287.604757,-4979.224843,-287.604757,4979.224843
0.000000,0.000000,-4978.935135,-289.596426,4978.935135,289.596426,289.596426,-4978.935135,-289.596426,4978.935135
0.000000,0.000000,-4978.643418,-291.587979,4978.643418,291.587979,291.587979,-4978.643418,-291.587979,4978.643418
0.000000,0.000000,-4978.349692,-293.579414,4978.349692,293.579414,293.579414,-4978.349692,-293.579414,4978.349692
0.000000,0.000000,-4978.053955,-295.570731,4978.053955,295.570731,295.570731,-4978.053955,-295.570731,4978.053955
0.000000,0.000000,-4977.756210,-297.561930,4977.756210,297.561930,297.561930,-4977.756210,-297.561930,4977.756210
0.000000,0.000000,-4977.456454,-299.553008,4977.456454,299.553008,299.553008,-4977.456454,-299.553008,4977.456454
0.000000,0.000000,-4977.154688,-301.543966,4977.154688,301.543966,301.543966,-4977.154688,-301.543966,4977.154688
0.000000,0.000000,-4976.850913,-303.534803,4976.850913,303.534803,303.534803,-4976.850913,-303.534803,4976.850913
0.000000,0.000000,-4976.545127,-305.525517,4976.545127,305.525517,305.525517,-4976.545127,-305.525517,4976.545127
0.000000,0.000000,-4976.237331,-307.516108,4976.237331,307.516108,307.516108,-4976.237331,-307.516108,4976.237331
0.000000,0.000000,-4975.927525,-309.506576,4975.927525,309.506576,309.506576,-4975.927525,-309.506576,4975.927525
0.000000,0.000000,-4975.615709,-311.496919,4975.615709,311.496919,311.496919,-4975.615709,-311.496919,4975.615709
0.000000,0.000000,-4975.301882,-313.487136,4975.301882,313.487136,313.487136,-4975.301882,-313.487136,4975.301882
0.000000,0.000000,-4974.986044,-315.477227,4974.986044,315.477227,315.477227,-4974.986044,-315.477227,4974.986044
0.000000,0.000000,-4974.668196,-317.467191,4974.668196,317.467191,317.467191,-4974.668196,-317.467191,4974.668196
0.000000,0.000000,-4974.348337,-319.457028,4974.348337,319.457028,319.457028,-4974.348337,-319.457028,4974.348337
0.000000,0.000000,-4974.026467,-321.446735,4974.026467,321.446735,321.446735,-4974.026467,-321.446735,4974.026467
0.000000,0.000000,-4973.702586,-323.436313,4973.702586,323.436313,323.436313,-4973.702586,-323.436313,4973.702586
0.000000,0.000000,-4973.376694,-325.425760,4973.376694,325.425760,325.425760,-4973.376694,-325.425760,4973.376694
0.000000,0.000000,-4973.048791,-327.415077,4973.048791,327.415077,327.415077,-4973.048791,-327.415077,4973.048791
0.000000,0.000000,-4972.718877,-329.404261,4972.718877,329.404261,329.404261,-4972.718877,-329.404261,4972.718877
0.000000,0.000000,-4972.386951,-331.393312,4972.386951,331.393312,331.393312,-4972.386951,-331.393312,4972.386951
0.000000,0.000000,-4972.053014,-333.382230,4972.053014,333.382230,333.382230,-4972.053014,-333.382230,4972.053014
0.000000,0.000000,-4971.717065,-335.371014,4971.717065,335.371014,335.371014,-4971.717065,-335.371014,4971.717065
0.000000,0.000000,-4971.379104,-337.359662,4971.379104,337.359662,337.359662,-4971.379104,-337.359662,4971.379104
0.000000,0.000000,-4971.039132,-339.348174,4971.039132,339.348174,339.348174,-4971.039132,-339.348174,4971.039132
0.000000,0.000000,-4970.697147,-341.336549,4970.697147,341.336549,341.336549,-4970.697147,-341.336549,4970.697147
0.000000,0.000000,-4970.353150,-343.324786,4970.353150,343.324786,343.324786,-4970.353150,-343.324786,4970.353150
0.000000,0.000000,-4970.007142,-345.312884,4970.007142,345.312884,345.312884,-4970.007142,-345.312884,4970.007142
0.000000,0.000000,-4969.659121,-347.300844,4969.659121,347.300844,347.300844,-4969.659121,-347.300844,4969.659121
0.000000,0.000000,-4969.309087,-349.288663,4969.309087,349.288663,349.288663,-4969.309087,-349.288663,4969.309087
0.000000,0.000000,-4968.957041,-351.276341,4968.957041,351.276341,351.276341,-4968.957041,-351.276341,4968.957041
0.000000,0.000000,-4968.602983,-353.263877,4968.602983,353.263877,353.263877,-4968.602983,-353.263877,4968.602983
0.000000,0.000000,-4968.246912,-355.251270,4968.246912,355.251270,355.251270,-4968.246912,-355.251270,4968.246912
0.000000,0.000000,-4967.888828,-357.238520,4967.888828,357.238520,357.238520,-4967.888828,-357.238520,4967.888828
0.000000,0.000000,-4967.528731,-359.225625,4967.528731,359.225625,359.225625,-4967.528731,-359.225625,4967.528731
0.000000,0.000000,-4967.166620,-361.212586,4967.166620,361.212586,361.212586,-4967.166620,-361.212586,4967.166620
0.000000,0.000000,-4966.802497,-363.199400,4966.802497,363.199400,363.199400,-4966.802497,-363.199400,4966.802497
0.000000,0.000000,-4966.436361,-365.186068,4966.436361,365.186068,365.186068,-4966.436361,-365.186068,4966.436361
0.000000,0.000000,-4966.068211,-367.172588,4966.068211,367.172588,367.172588,-4966.068211,-367.172588,4966.068211
0.000000,0.000000,-4965.698047,-369.158959,4965.698047,369.158959,369.158959,-4965.698047,-369.158959,4965.698047
0.000000,0.000000,-4965.325870,-371.145181,4965.325870,371.145181,371.145181,-4965.325870,-371.145181,4965.325870
0.000000,0.000000,-4964.951679,-373.131253,4964.951679,373.131253,373.131253,-4964.951679,-373.131253,4964.951679
0.000000,0.000000,-4964.575474,-375.117174,4964.575474,375.117174,375.117174,-4964.575474,-375.117174,4964.575474
0.000000,0.000000,-4964.197255,-377.102944,4964.197255,377.102944,377.102944,-4964.197255,-377.102944,4964.197255
0.000000,0.000000,-4963.817021,-379.088560,4963.817021,379.088560,379.088560,-4963.817021,-379.088560,4963.817021
0.000000,0.000000,-4963.434774,-381.074024,4963.434774,381.074024,381.074024,-4963.434774,-381.074024,4963.434774
0.000000,0.000000,-4963.050512,-383.059333,4963.050512,383.059333,383.059333,-4963.050512,-383.059333,4963.050512
0.000000,0.000000,-4962.664236,-385.044487,4962.664236,385.044487,385.044487,-4962.664236,-385.044487,4962.664236
0.000000,0.000000,-4962.275945,-387.029485,4962.275945,387.029485,387.029485,-4962.275945,-387.029485,4962.275945
0.000000,0.000000,-4961.885639,-389.014326,4961.885639,389.014326,389.014326,-4961.885639,-389.014326,4961.885639
0.000000,0.000000,-4961.493319,-390.999010,4961.493319,390.999010,390.999010,-4961.493319,-390.999010,4961.493319
0.000000,0.000000,-4961.098983,-392.983535,4961.098983,392.983535,392.983535,-4961.098983,-392.983535,4961.098983
0.000000,0.000000,-4960.702632,-394.967901,4960.702632,394.967901,394.967901,-4960.702632,-394.967901,4960.702632
0.000000,0.000000,-4960.304266,-396.952108,4960.304266,396.952108,396.952108,-4960.304266,-396.952108,4960.304266
0.000000,0.000000,-4959.903884,-398.936153,4959.903884,398.936153,398.936153,-4959.903884,-398.936153,4959.903884
0.000000,0.000000,-4959.501487,-400.920036,4959.501487,400.920036,400.920036,-4959.501487,-400.920036,4959.501487
0.000000,0.000000,-4959.097075,-402.903757,4959.097075,402.903757,402.903757,-4959.097075,-402.903757,4959.097075
0.000000,0.000000,-4958.690646,-404.887315,4958.690646,404.887315,404.887315,-4958.690646,-404.887315,4958.690646
0.000000,0.000000,-4958.282202,-406.870709,4958.282202,406.870709,406.870709,-4958.282202,-406.870709,4958.282202
0.000000,0.000000,-4957.871741,-408.853937,4957.871741,408.853937,408.853937,-4957.871741,-408.853937,4957.871741
0.000000,0.000000,-4957.459265,-410.837000,4957.459265,410.837000,410.837000,-4957.459265,-410.837000,4957.459265
0.000000,0.000000,-4957.044772,-412.819895,4957.044772,412.819895,412.819895,-4957.044772,-412.819895,4957.044772
0.000000,0.000000,-4956.628262,-414.802624,4956.628262,414.802624,414.802624,-4956.628262,-414.802624,4956.628262
0.000000,0.000000,-4956.209736,-416.785184,4956.209736,416.785184,416.785184,-4956.209736,-416.785184,4956.209736
0.000000,0.000000,-4955.789193,-418.767575,4955.789193,418.767575,418.767575,-4955.789193,-418.767575,4955.789193
0.000000,0.000000,-4955.366634,-420.749795,4955.366634,420.749795,420.749795,-4955.366634,-420.749795,4955.366634
0.000000,0.000000,-4954.942057,-422.731845,4954.942057,422.731845,422.731845,-4954.942057,-422.731845,4954.942057
0.000000,0.000000,-4954.515463,-424.713724,4954.515463,424.713724,424.713724,-4954.515463,-424.713724,4954.515463
0.000000,0.000000,-4954.086852,-426.695430,4954.086852,426.695430,426.695430,-4954.086852,-426.695430,4954.086852
0.000000,0.000000,-4953.656224,-428.676962,4953.656224,428.676962,428.676962,-4953.656224,-428.676962,4953.656224
0.000000,0.000000,-4953.223578,-430.658320,4953.223578,430.658320,430.658320,-4953.223578,-430.658320,4953.223578
0.000000,0.000000,-4952.788914,-432.639503,4952.788914,432.639503,432.639503,-4952.788914,-432.639503,4952.788914
0.000000,0.000000,-4952.352233,-434.620511,4952.352233,434.620511,434.620511,-4952.352233,-434.620511,4952.352233
0.000000,0.000000,-4951.913533,-436.601342,4951.913533,436.601342,436.601342,-4951.913533,-436.601342,4951.913533
0.000000,0.000000,-4951.472816,-438.581995,4951.472816,438.581995,438.581995,-4951.472816,-438.581995,4951.472816
0.000000,0.000000,-4951.030080,-440.562469,4951.030080,440.562469,440.562469,-4951.030080,-440.562469,4951.030080
0.000000,0.000000,-4950.585326,-442.542765,4950.585326,442.542765,442.542765,-4950.585326,-442.542765,4950.585326
0.000000,0.000000,-4950.138553,-444.522881,4950.138553,444.522881,444.522881,-4950.138553,-444.522881,4950.138553
0.000000,0.000000,-4949.689761,-446.502815,4949.689761,446.502815,446.502815,-4949.689761,-446.502815,4949.689761
0.000000,0.000000,-4949.238951,-448.482568,4949.238951,448.482568,448.482568,-4949.238951,-448.482568,4949.238951
0.000000,0.000000,-4948.786122,-450.462139,4948.786122,450.462139,450.462139,-4948.786122,-450.462139,4948.786122
0.000000,0.000000,-4948.331273,-452.441526,4948.331273,452.441526,452.441526,-4948.331273,-452.441526,4948.331273
0.000000,0.000000,-4947.874406,-454.420729,4947.874406,454.420729,454.420729,-4947.874406,-454.420729,4947.874406
0.000000,0.000000,-4947.415518,-456.399747,4947.415518,456.399747,456.399747,-4947.415518,-456.399747,4947.415518
0.000000,0.000000,-4946.954612,-458.378579,4946.954612,458.378579,458.378579,-4946.954612,-458.378579,4946.954612
0.000000,0.000000,-4946.491685,-460.357224,4946.491685,460.357224,460.357224,-4946.491685,-460.357224,4946.491685
0.000000,0.000000,-4946.026739,-462.335682,4946.026739,462.335682,462.335682,-4946.026739,-462.335682,4946.026739
0.000000,0.000000,-4945.559773,-464.313951,4945.559773,464.313951,464.313951,-4945.559773,-464.313951,4945.559773
0.000000,0.000000,-4945.090786,-466.292031,4945.090786,466.292031,466.292031,-4945.090786,-466.292031,4945.090786
0.000000,0.000000,-4944.619780,-468.269921,4944.619780,468.269921,468.269921,-4944.619780,-468.269921,4944.619780
0.000000,0.000000,-4944.146752,-470.247620,4944.146752,470.247620,470.247620,-4944.146752,-470.247620,4944.146752
0.000000,0.000000,-4943.671705,-472.225127,4943.671705,472.225127,472.225127,-4943.671705,-472.225127,4943.671705
0.000000,0.000000,-4943.194636,-474.202441,4943.194636,474.202441,474.202441,-4943.194636,-474.202441,4943.194636
0.000000,0.000000,-4942.715546,-476.179562,4942.715546,476.179562,476.179562,-4942.715546,-476.179562,4942.715546
0.000000,0.000000,-4942.234436,-478.156489,4942.234436,478.156489,478.156489,-4942.234436,-478.156489,4942.234436
0.000000,0.000000,-4941.751304,-480.133221,4941.751304,480.133221,480.133221,-4941.751304,-480.133221,4941.751304
0.000000,0.000000,-4941.266150,-482.109757,4941.266150,482.109757,482.109757,-4941.266150,-482.109757,4941.266150
0.000000,0.000000,-4940.778976,-484.086095,4940.778976,484.086095,484.086095,-4940.778976,-484.086095,4940.778976
0.000000,0.000000,-4940.289779,-486.062237,4940.289779,486.062237,486.062237,-4940.289779,-486.062237,4940.289779
0.000000,0.000000,-4939.798560,-488.038179,4939.798560,488.038179,488.038179,-4939.798560,-488.038179,4939.798560
0.000000,0.000000,-4939.305320,-490.013923,4939.305320,490.013923,490.013923,-4939.305320,-490.013923,4939.305320
0.000000,0.000000,-4938.810057,-491.989466,4938.810057,491.989466,491.989466,-4938.810057,-491.989466,4938.810057
0.000000,0.000000,-4938.312772,-493.964808,4938.312772,493.964808,493.964808,-4938.312772,-493.964808,4938.312772
0.000000,0.000000,-4937.813465,-495.939948,4937.813465,495.939948,495.939948,-4937.813465,-495.939948,4937.813465
0.000000,0.000000,-4937.312135,-497.914885,4937.312135,497.914885,497.914885,-4937.312135,-497.914885,4937.312135
0.000000,0.000000,-4936.808781,-499.889619,4936.808781,499.889619,499.889619,-4936.808781,-499.889619,4936.808781
0.000000,0.000000,-4936.303405,-501.864149,4936.303405,501.864149,501.864149,-4936.303405,-501.864149,4936.303405
0.000000,0.000000,-4935.796006,-503.838473,4935.796006,503.838473,503.838473,-4935.796006,-503.838473,4935.796006
0.000000,0.000000,-4935.286584,-505.812591,4935.286584,505.812591,505.812591,-4935.286584,-505.812591,4935.286584
0.000000,0.000000,-4934.775138,-507.786502,4934.775138,507.786502,507.786502,-4934.775138,-507.786502,4934.775138
0.000000,0.000000,-4934.261668,-509.760205,4934.261668,509.760205,509.760205,-4934.261668,-509.760205,4934.261668
0.000000,0.000000,-4933.746174,-511.733700,4933.746174,511.733700,511.733700,-4933.746174,-511.733700,4933.746174
0.000000,0.000000,-4933.228657,-513.706985,4933.228657,513.706985,513.706985,-4933.228657,-513.706985,4933.228657
0.000000,0.000000,-4932.709115,-515.680060,4932.709115,515.680060,515.680060,-4932.709115,-515.680060,4932.709115
0.000000,0.000000,-4932.187549,-517.652923,4932.187549,517.652923,517.652923,-4932.187549,-517.652923,4932.187549
0.000000,0.000000,-4931.663959,-519.625575,4931.663959,519.625575,519.625575,-4931.663959,-519.625575,4931.663959
0.000000,0.000000,-4931.138343,-521.598013,4931.138343,521.598013,521.598013,-4931.138343,-521.598013,4931.138343
0.000000,0.000000,-4930.610703,-523.570238,4930.610703,523.570238,523.570238,-4930.610703,-523.570238,4930.610703
0.000000,0.000000,-4930.081038,-525.542248,4930.081038,525.542248,525.542248,-4930.081038,-525.542248,4930.081038
0.000000,0.000000,-4929.549348,-527.514043,4929.549348,527.514043,527.514043,-4929.549348,-527.514043,4929.549348
0.000000,0.000000,-4929.015632,-529.485621,4929.015632,529.485621,529.485621,-4929.015632,-529.485621,4929.015632
0.000000,0.000000,-4928.479891,-531.456982,4928.479891,531.456982,531.456982,-4928.479891,-531.456982,4928.479891
0.000000,0.000000,-4927.942125,-533.428125,4927.942125,533.428125,533.428125,-4927.942125,-533.428125,4927.942125
0.000000,0.000000,-4927.402332,-535.399050,4927.402332,535.399050,535.399050,-4927.402332,-535.399050,4927.402332
0.000000,0.000000,-4926.860513,-537.369754,4926.860513,537.369754,537.369754,-4926.860513,-537.369754,4926.860513
0.000000,0.000000,-4926.316668,-539.340238,4926.316668,539.340238,539.340238,-4926.316668,-539.340238,4926.316668
0.000000,0.000000,-4925.770797,-541.310501,4925.770797,541.310501,541.310501,-4925.770797,-541.310501,4925.770797
0.000000,0.000000,-4925.222899,-543.280541,4925.222899,543.280541,543.280541,-4925.222899,-543.280541,4925.222899
0.000000,0.000000,-4924.672974,-545.250358,4924.672974,545.250358,545.250358,-4924.672974,-545.250358,4924.672974
0.000000,0.000000,-4924.121023,-547.219951,4924.121023,547.219951,547.219951,-4924.121023,-547.219951,4924.121023
0.000000,0.000000,-4923.567044,-549.189319,4923.567044,549.189319,549.189319,-4923.567044,-549.189319,4923.567044
0.000000,0.000000,-4923.011038,-551.158462,4923.011038,551.158462,551.158462,-4923.011038,-551.158462,4923.011038
0.000000,0.000000,-4922.453004,-553.127378,4922.453004,553.127378,553.127378,-4922.453004,-553.127378,4922.453004
0.000000,0.000000,-4921.892943,-555.096066,4921.892943,555.096066,555.096066,-4921.892943,-555.096066,4921.892943
0.000000,0.000000,-4921.330854,-557.064527,4921.330854,557.064527,557.064527,-4921.330854,-557.064527,4921.330854
0.000000,0.000000,-4920.766737,-559.032758,4920.766737,559.032758,559.032758,-4920.766737,-559.032758,4920.766737
0.000000,0.000000,-4920.200592,-561.000759,4920.200592,561.000759,561.000759,-4920.200592,-561.000759,4920.200592
0.000000,0.000000,-4919.632418,-562.968529,4919.632418,562.968529,562.968529,-4919.632418,-562.968529,4919.632418
0.000000,0.000000,-4919.062216,-564.936068,4919.062216,564.936068,564.936068,-4919.062216,-564.936068,4919.062216
0.000000,0.000000,-4918.489985,-566.903374,4918.489985,566.903374,566.903374,-4918.489985,-566.903374,4918.489985
0.000000,0.000000,-4917.915725,-568.870446,4917.915725,568.870446,568.870446,-4917.915725,-568.870446,4917.915725
0.000000,0.000000,-4917.339436,-570.837284,4917.339436,570.837284,570.837284,-4917.339436,-570.837284,4917.339436
0.000000,0.000000,-4916.761117,-572.803887,4916.761117,572.803887,572.803887,-4916.761117,-572.803887,4916.761117
0.000000,0.000000,-4916.180769,-574.770254,4916.180769,574.770254,574.770254,-4916.180769,-574.770254,4916.180769
0.000000,0.000000,-4915.598392,-576.736385,4915.598392,576.736385,576.736385,-4915.598392,-576.736385,4915.598392
0.000000,0.000000,-4915.013984,-578.702277,4915.013984,578.702277,578.702277,-4915.013984,-578.702277,4915.013984
0.000000,0.000000,-4914.427547,-580.667931,4914.427547,580.667931,580.667931,-4914.427547,-580.667931,4914.427547
0.000000,0.000000,-4913.839079,-582.633345,4913.839079,582.633345,582.633345,-4913.839079,-582.633345,4913.839079
0.000000,0.000000,-4913.248581,-584.598519,4913.248581,584.598519,584.598519,-4913.248581,-584.598519,4913.248581
0.000000,0.000000,-4912.656052,-586.563452,4912.656052,586.563452,586.563452,-4912.656052,-586.563452,4912.656052
0.000000,0.000000,-4912.061492,-588.528143,4912.061492,588.528143,588.528143,-4912.061492,-588.528143,4912.061492
0.000000,0.000000,-4911.464901,-590.492591,4911.464901,590.492591,590.492591,-4911.464901,-590.492591,4911.464901
0.000000,0.000000,-4910.866279,-592.456795,4910.866279,592.456795,592.456795,-4910.866279,-592.456795,4910.866279
0.000000,0.000000,-4910.265625,-594.420754,4910.265625,594.420754,594.420754,-4910.265625,-594.420754,4910.265625
0.000000,0.000000,-4909.662940,-596.384468,4909.662940,596.384468,596.384468,-4909.662940,-596.384468,4909.662940
0.000000,0.000000,-4909.058223,-598.347936,4909.058223,598.347936,598.347936,-4909.058223,-598.347936,4909.058223
0.000000,0.000000,-4908.451474,-600.311156,4908.451474,600.311156,600.311156,-4908.451474,-600.311156,4908.451474
0.000000,0.000000,-4907.842693,-602.274128,4907.842693,602.274128,602.274128,-4907.842693,-602.274128,4907.842693
0.000000,0.000000,-4907.231880,-604.236851,4907.231880,604.236851,604.236851,-4907.231880,-604.236851,4907.231880
0.000000,0.000000,-4906.619033,-606.199324,4906.619033,606.199324,606.199324,-4906.619033,-606.199324,4906.619033
0.000000,0.000000,-4906.004154,-608.161547,4906.004154,608.161547,608.161547,-4906.004154,-608.161547,4906.004154
0.000000,0.000000,-4905.387242,-610.123518,4905.387242,610.123518,610.123518,-4905.387242,-610.123518,4905.387242
0.000000,0.000000,-4904.768297,-612.085236,4904.768297,612.085236,612.085236,-4904.768297,-612.085236,4904.768297
0.000000,0.000000,-4904.147319,-614.046701,4904.147319,614.046701,614.046701,-4904.147319,-614.046701,4904.147319
0.000000,0.000000,-4903.524306,-616.007912,4903.524306,616.007912,616.007912,-4903.524306,-616.007912,4903.524306
0.000000,0.000000,-4902.899260,-617.968868,4902.899260,617.968868,617.968868,-4902.899260,-617.968868,4902.899260
0.000000,0.000000,-4902.272180,-619.929568,4902.272180,619.929568,619.929568,-4902.272180,-619.929568,4902.272180
0.000000,0.000000,-4901.643066,-621.890011,4901.643066,621.890011,621.890011,-4901.643066,-621.890011,4901.643066
0.000000,0.000000,-4901.011917,-623.850197,4901.011917,623.850197,623.850197,-4901.011917,-623.850197,4901.011917
0.000000,0.000000,-4900.378734,-625.810123,4900.378734,625.810123,625.810123,-4900.378734,-625.810123,4900.378734
0.000000,0.000000,-4899.743515,-627.769791,4899.743515,627.769791,627.769791,-4899.743515,-627.769791,4899.743515
0.000000,0.000000,-4899.106262,-629.729198,4899.106262,629.729198,629.729198,-4899.106262,-629.729198,4899.106262
0.000000,0.000000,-4898.466973,-631.688344,4898.466973,631.688344,631.688344,-4898.466973,-631.688344,4898.466973
0.000000,0.000000,-4897.825649,-633.647228,4897.825649,633.647228,633.647228,-4897.825649,-633.647228,4897.825649
0.000000,0.000000,-4897.182290,-635.605849,4897.182290,635.605849,635.605849,-4897.182290,-635.605849,4897.182290
0.000000,0.000000,-4896.536894,-637.564206,4896.536894,637.564206,637.564206,-4896.536894,-637.564206,4896.536894
0.000000,0.000000,-4895.889462,-639.522298,4895.889462,639.522298,639.522298,-4895.889462,-639.522298,4895.889462
0.000000,0.000000,-4895.239994,-641.480125,4895.239994,641.480125,641.480125,-4895.239994,-641.480125,4895.239994
0.000000,0.000000,-4894.588490,-643.437685,4894.588490,643.437685,643.437685,-4894.588490,-643.437685,4894.588490
0.000000,0.000000,-4893.934949,-645.394978,4893.934949,645.394978,645.394978,-4893.934949,-645.394978,4893.934949
0.000000,0.000000,-4893.279370,-647.352003,4893.279370,647.352003,647.352003,-4893.279370,-647.352003,4893.279370
0.000000,0.000000,-4892.621755,-649.308759,4892.621755,649.308759,649.308759,-4892.621755,-649.308759,4892.621755
0.000000,0.000000,-4891.962102,-651.265245,4891.962102,651.265245,651.265245,-4891.962102,-651.265245,4891.962102
0.000000,0.000000,-4891.300412,-653.221460,4891.300412,653.221460,653.221460,-4891.300412,-653.221460,4891.300412
0.000000,0.000000,-4890.636684,-655.177403,4890.636684,655.177403,655.177403,-4890.636684,-655.177403,4890.636684
0.000000,0.000000,-4889.970917,-657.133074,4889.970917,657.133074,657.133074,-4889.970917,-657.133074,4889.970917
0.000000,0.000000,-4889.303113,-659.088471,4889.303113,659.088471,659.088471,-4889.303113,-659.088471,4889.303113
0.000000,0.000000,-4888.633270,-661.043594,4888.633270,661.043594,661.043594,-4888.633270,-661.043594,4888.633270
0.000000,0.000000,-4887.961388,-662.998441,4887.961388,662.998441,662.998441,-4887.961388,-662.998441,4887.961388
0.000000,0.000000,-4887.287468,-664.953013,4887.287468,664.953013,664.953013,-4887.287468,-664.953013,4887.287468
0.000000,0.000000,-4886.611508,-666.907307,4886.611508,666.907307,666.907307,-4886.611508,-666.907307,4886.611508
0.000000,0.000000,-4885.933509,-668.861324,4885.933509,668.861324,668.861324,-4885.933509,-668.861324,4885.933509
0.000000,0.000000,-4885.253471,-670.815062,4885.253471,670.815062,670.815062,-4885.253471,-670.815062,4885.253471
0.000000,0.000000,-4884.571393,-672.768520,4884.571393,672.768520,672.768520,-4884.571393,-672.768520,4884.571393
0.000000,0.000000,-4883.887274,-674.721697,4883.887274,674.721697,674.721697,-4883.887274,-674.721697,4883.887274
0.000000,0.000000,-4883.201116,-676.674593,4883.201116,676.674593,676.674593,-4883.201116,-676.674593,4883.201116
0.000000,0.000000,-4882.512917,-678.627207,4882.512917,678.627207,678.627207,-4882.512917,-678.627207,4882.512917
0.000000,0.000000,-4881.822677,-680.579538,4881.822677,680.579538,680.579538,-4881.822677,-680.579538,4881.822677
0.000000,0.000000,-4881.130396,-682.531584,4881.130396,682.531584,682.531584,-4881.130396,-682.531584,4881.130396
0.000000,0.000000,-4880.436075,-684.483346,4880.436075,684.483346,684.483346,-4880.436075,-684.483346,4880.436075
0.000000,0.000000,-4879.739712,-686.434821,4879.739712,686.434821,686.434821,-4879.739712,-686.434821,4879.739712
0.000000,0.000000,-4879.041307,-688.386010,4879.041307,688.386010,688.386010,-4879.041307,-688.386010,4879.041307
0.000000,0.000000,-4878.340860,-690.336911,4878.340860,690.336911,690.336911,-4878.340860,-690.336911,4878.340860
0.000000,0.000000,-4877.638372,-692.287524,4877.638372,692.287524,692.287524,-4877.638372,-692.287524,4877.638372
0.000000,0.000000,-4876.933841,-694.237847,4876.933841,694.237847,694.237847,-4876.933841,-694.237847,4876.933841
0.000000,0.000000,-4876.227268,-696.187880,4876.227268,696.187880,696.187880,-4876.227268,-696.187880,4876.227268
0.000000,0.000000,-4875.518651,-698.137622,4875.518651,698.137622,698.137622,-4875.518651,-698.137622,4875.518651
0.000000,0.000000,-4874.807992,-700.087071,4874.807992,700.087071,700.087071,-4874.807992,-700.087071,4874.807992
0.000000,0.000000,-4874.095290,-702.036228,4874.095290,702.036228,702.036228,-4874.095290,-702.036228,4874.095290
0.000000,0.000000,-4873.380544,-703.985091,4873.380544,703.985091,703.985091,-4873.380544,-703.985091,4873.380544
0.000000,0.000000,-4872.663755,-705.933659,4872.663755,705.933659,705.933659,-4872.663755,-705.933659,4872.663755
0.000000,0.000000,-4871.944922,-707.881931,4871.944922,707.881931,707.881931,-4871.944922,-707.881931,4871.944922
0.000000,0.000000,-4871.224044,-709.829906,4871.224044,709.829906,709.829906,-4871.224044,-709.829906,4871.224044
0.000000,0.000000,-4870.501122,-711.777585,4870.501122,711.777585,711.777585,-4870.501122,-711.777585,4870.501122
0.000000,0.000000,-4869.776156,-713.724964,4869.776156,713.724964,713.724964,-4869.776156,-713.724964,4869.776156
0.000000,0.000000,-4869.049144,-715.672045,4869.049144,715.672045,715.672045,-4869.049144,-715.672045,4869.049144
0.000000,0.000000,-4868.320088,-717.618825,4868.320088,717.618825,717.618825,-4868.320088,-717.618825,4868.320088
0.000000,0.000000,-4867.588986,-719.565305,4867.588986,719.565305,719.565305,-4867.588986,-719.565305,4867.588986
0.000000,0.000000,-4866.855839,-721.511482,4866.855839,721.511482,721.511482,-4866.855839,-721.511482,4866.855839
0.000000,0.000000,-4866.120646,-723.457356,4866.120646,723.457356,723.457356,-4866.120646,-723.457356,4866.120646
0.000000,0.000000,-4865.383407,-725.402927,4865.383407,725.402927,725.402927,-4865.383407,-725.402927,4865.383407
0.000000,0.000000,-4864.644121,-727.348193,4864.644121,727.348193,727.348193,-4864.644121,-727.348193,4864.644121
0.000000,0.000000,-4863.902789,-729.293154,4863.902789,729.293154,729.293154,-4863.902789,-729.293154,4863.902789
0.000000,0.000000,-4863.159410,-731.237808,4863.159410,731.237808,731.237808,-4863.159410,-731.237808,4863.159410
0.000000,0.000000,-4862.413984,-733.182154,4862.413984,733.182154,733.182154,-4862.413984,-733.182154,4862.413984
0.000000,0.000000,-4861.666511,-735.126193,4861.666511,735.126193,735.126193,-4861.666511,-735.126193,4861.666511
0.000000,0.000000,-4860.916991,-737.069922,4860.916991,737.069922,737.069922,-4860.916991,-737.069922,4860.916991
0.000000,0.000000,-4860.165422,-739.013341,4860.165422,739.013341,739.013341,-4860.165422,-739.013341,4860.165422
0.000000,0.000000,-4859.411806,-740.956449,4859.411806,740.956449,740.956449,-4859.411806,-740.956449,4859.411806
0.000000,0.000000,-4858.656141,-742.899246,4858.656141,742.899246,742.899246,-4858.656141,-742.899246,4858.656141
0.000000,0.000000,-4857.898428,-744.841729,4857.898428,744.841729,744.841729,-4857.898428,-744.841729,4857.898428
0.000000,0.000000,-4857.138666,-746.783899,4857.138666,746.783899,746.783899,-4857.138666,-746.783899,4857.138666
0.000000,0.000000,-4856.376855,-748.725754,4856.376855,748.725754,748.725754,-4856.376855,-748.725754,4856.376855
0.000000,0.000000,-4855.612995,-750.667294,4855.612995,750.667294,750.667294,-4855.612995,-750.667294,4855.612995
0.000000,0.000000,-4854.847085,-752.608517,4854.847085,752.608517,752.608517,-4854.847085,-752.608517,4854.847085
0.000000,0.000000,-4854.079125,-754.549423,4854.079125,754.549423,754.549423,-4854.079125,-754.549423,4854.079125
0.000000,0.000000,-4853.309116,-756.490011,4853.309116,756.490011,756.490011,-4853.309116,-756.490011,4853.309116
0.000000,0.000000,-4852.537056,-758.430279,4852.537056,758.430279,758.430279,-4852.537056,-758.430279,4852.537056
0.000000,0.000000,-4851.762946,-760.370228,4851.762946,760.370228,760.370228,-4851.762946,-760.370228,4851.762946
0.000000,0.000000,-4850.986785,-762.309855,4850.986785,762.309855,762.309855,-4850.986785,-762.309855,4850.986785
0.000000,0.000000,-4850.208572,-764.249161,4850.208572,764.249161,764.249161,-4850.208572,-764.249161,4850.208572
0.000000,0.000000,-4849.428309,-766.188144,4849.428309,766.188144,766.188144,-4849.428309,-766.188144,4849.428309
0.000000,0.000000,-4848.645994,-768.126803,4848.645994,768.126803,768.126803,-4848.645994,-768.126803,4848.645994
0.000000,0.000000,-4847.861627,-770.065138,4847.861627,770.065138,770.065138,-4847.861627,-770.065138,4847.861627
0.000000,0.000000,-4847.075208,-772.003147,4847.075208,772.003147,772.003147,-4847.075208,-772.003147,4847.075208
0.000000,0.000000,-4846.286737,-773.940830,4846.286737,773.940830,773.940830,-4846.286737,-773.940830,4846.286737
0.000000,0.000000,-4845.496214,-775.878185,4845.496214,775.878185,775.878185,-4845.496214,-775.878185,4845.496214
0.000000,0.000000,-4844.703637,-777.815212,4844.703637,777.815212,777.815212,-4844.703637,-777.815212,4844.703637
0.000000,0.000000,-4843.909007,-779.751910,4843.909007,779.751910,779.751910,-4843.909007,-779.751910,4843.909007
0.000000,0.000000,-4843.112324,-781.688277,4843.112324,781.688277,781.688277,-4843.112324,-781.688277,4843.112324
0.000000,0.000000,-4842.313588,-783.624314,4842.313588,783.624314,783.624314,-4842.313588,-783.624314,4842.313588
0.000000,0.000000,-4841.512797,-785.560019,4841.512797,785.560019,785.560019,-4841.512797,-785.560019,4841.512797
0.000000,0.000000,-4840.709952,-787.495391,4840.709952,787.495391,787.495391,-4840.709952,-787.495391,4840.709952
0.000000,0.000000,-4839.905053,-789.430429,4839.905053,789.430429,789.430429,-4839.905053,-789.430429,4839.905053
0.000000,0.000000,-4839.098099,-791.365132,4839.098099,791.365132,791.365132,-4839.098099,-791.365132,4839.098099
0.000000,0.000000,-4838.289091,-793.299500,4838.289091,793.299500,793.299500,-4838.289091,-793.299500,4838.289091
0.000000,0.000000,-4837.478027,-795.233531,4837.478027,795.233531,795.233531,-4837.478027,-795.233531,4837.478027
0.000000,0.000000,-4836.664907,-797.167225,4836.664907,797.167225,797.167225,-4836.664907,-797.167225,4836.664907
0.000000,0.000000,-4835.849732,-799.100581,4835.849732,799.100581,799.100581,-4835.849732,-799.100581,4835.849732
0.000000,0.000000,-4835.032501,-801.033597,4835.032501,801.033597,801.033597,-4835.032501,-801.033597,4835.032501
0.000000,0.000000,-4834.213213,-802.966272,4834.213213,802.966272,802.966272,-4834.213213,-802.966272,4834.213213
0.000000,0.000000,-4833.391869,-804.898607,4833.391869,804.898607,804.898607,-4833.391869,-804.898607,4833.391869
0.000000,0.000000,-4832.568468,-806.830600,4832.568468,806.830600,806.830600,-4832.568468,-806.830600,4832.568468
0.000000,0.000000,-4831.743010,-808.762249,4831.743010,808.762249,808.762249,-4831.743010,-808.762249,4831.743010
0.000000,0.000000,-4830.915495,-810.693555,4830.915495,810.693555,810.693555,-4830.915495,-810.693555,4830.915495
0.000000,0.000000,-4830.085922,-812.624516,4830.085922,812.624516,812.624516,-4830.085922,-812.624516,4830.085922
0.000000,0.000000,-4829.254291,-814.555131,4829.254291,814.555131,814.555131,-4829.254291,-814.555131,4829.254291
0.000000,0.000000,-4828.420602,-816.485399,4828.420602,816.485399,816.485399,-4828.420602,-816.485399,4828.420602
0.000000,0.000000,-4827.584854,-818.415320,4827.584854,818.415320,818.415320,-4827.584854,-818.415320,4827.584854
0.000000,0.000000,-4826.747047,-820.344892,4826.747047,820.344892,820.344892,-4826.747047,-820.344892,4826.747047
0.000000,0.000000,-4825.907182,-822.274115,4825.907182,822.274115,822.274115,-4825.907182,-822.274115,4825.907182
0.000000,0.000000,-4825.065257,-824.202987,4825.065257,824.202987,824.202987,-4825.065257,-824.202987,4825.065257
0.000000,0.000000,-4824.221273,-826.131508,4824.221273,826.131508,826.131508,-4824.221273,-826.131508,4824.221273
0.000000,0.000000,-4823.375229,-828.059676,4823.375229,828.059676,828.059676,-4823.375229,-828.059676,4823.375229
0.000000,0.000000,-4822.527124,-829.987491,4822.527124,829.987491,829.987491,-4822.527124,-829.987491,4822.527124
0.000000,0.000000,-4821.676960,-831.914952,4821.676960,831.914952,831.914952,-4821.676960,-831.914952,4821.676960
0.000000,0.000000,-4820.824734,-833.842058,4820.824734,833.842058,833.842058,-4820.824734,-833.842058,4820.824734
0.000000,0.000000,-4819.970448,-835.768808,4819.970448,835.768808,835.768808,-4819.970448,-835.768808,4819.970448
0.000000,0.000000,-4819.114100,-837.695201,4819.114100,837.695201,837.695201,-4819.114100,-837.695201,4819.114100
0.000000,0.000000,-4818.255691,-839.621236,4818.255691,839.621236,839.621236,-4818.255691,-839.621236,4818.255691
0.000000,0.000000,-4817.395220,-841.546913,4817.395220,841.546913,841.546913,-4817.395220,-841.546913,4817.395220
0.000000,0.000000,-4816.532686,-843.472229,4816.532686,843.472229,843.472229,-4816.532686,-843.472229,4816.532686
0.000000,0.000000,-4815.668091,-845.397185,4815.668091,845.397185,845.397185,-4815.668091,-845.397185,4815.668091
0.000000,0.000000,-4814.801432,-847.321779,4814.801432,847.321779,847.321779,-4814.801432,-847.321779,4814.801432
0.000000,0.000000,-4813.932711,-849.246010,4813.932711,849.246010,849.246010,-4813.932711,-849.246010,4813.932711
0.000000,0.000000,-4813.061926,-851.169878,4813.061926,851.169878,851.169878,-4813.061926,-851.169878,4813.061926
0.000000,0.000000,-4812.189078,-853.093381,4812.189078,853.093381,853.093381,-4812.189078,-853.093381,4812.189078
0.000000,0.000000,-4811.314166,-855.016519,4811.314166,855.016519,855.016519,-4811.314166,-855.016519,4811.314166
0.000000,0.000000,-4810.437190,-856.939291,4810.437190,856.939291,856.939291,-4810.437190,-856.939291,4810.437190
0.000000,0.000000,-4809.558149,-858.861695,4809.558149,858.861695,858.861695,-4809.558149,-858.861695,4809.558149
0.000000,0.000000,-4808.677044,-860.783731,4808.677044,860.783731,860.783731,-4808.677044,-860.783731,4808.677044
0.000000,0.000000,-4807.793874,-862.705398,4807.793874,862.705398,862.705398,-4807.793874,-862.705398,4807.793874
0.000000,0.000000,-4806.908638,-864.626695,4806.908638,864.626695,864.626695,-4806.908638,-864.626695,4806.908638
0.000000,0.000000,-4806.021337,-866.547620,4806.021337,866.547620,866.547620,-4806.021337,-866.547620,4806.021337
0.000000,0.000000,-4805.131970,-868.468174,4805.131970,868.468174,868.468174,-4805.131970,-868.468174,4805.131970
0.000000,0.000000,-4804.240537,-870.388354,4804.240537,870.388354,870.388354,-4804.240537,-870.388354,4804.240537
0.000000,0.000000,-4803.347037,-872.308161,4803.347037,872.308161,872.308161,-4803.347037,-872.308161,4803.347037
0.000000,0.000000,-4802.451470,-874.227593,4802.451470,874.227593,874.227593,-4802.451470,-874.227593,4802.451470
0.000000,0.000000,-4801.553837,-876.146649,4801.553837,876.146649,876.146649,-4801.553837,-876.146649,4801.553837
0.000000,0.000000,-4800.654135,-878.065328,4800.654135,878.065328,878.065328,-4800.654135,-878.065328,4800.654135
0.000000,0.000000,-4799.752367,-879.983629,4799.752367,879.983629,879.983629,-4799.752367,-879.983629,4799.752367
0.000000,0.000000,-4798.848530,-881.901552,4798.848530,881.901552,881.901552,-4798.848530,-881.901552,4798.848530
0.000000,0.000000,-4797.942625,-883.819095,4797.942625,883.819095,883.819095,-4797.942625,-883.819095,4797.942625
0.000000,0.000000,-4797.034652,-885.736257,4797.034652,885.736257,885.736257,-4797.034652,-885.736257,4797.034652
0.000000,0.000000,-4796.124609,-887.653038,4796.124609,887.653038,887.653038,-4796.124609,-887.653038,4796.124609
0.000000,0.000000,-4795.212498,-889.569436,4795.212498,889.569436,889.569436,-4795.212498,-889.569436,4795.212498
0.000000,0.000000,-4794.298317,-891.485451,4794.298317,891.485451,891.485451,-4794.298317,-891.485451,4794.298317
0.000000,0.000000,-4793.382066,-893.401082,4793.382066,893.401082,893.401082,-4793.382066,-893.401082,4793.382066
0.000000,0.000000,-4792.463745,-895.316327,4792.463745,895.316327,895.316327,-4792.463745,-895.316327,4792.463745
0.000000,0.000000,-4791.543353,-897.231185,4791.543353,897.231185,897.231185,-4791.543353,-897.231185,4791.543353
0.000000,0.000000,-4790.620891,-899.145657,4790.620891,899.145657,899.145657,-4790.620891,-899.145657,4790.620891
0.000000,0.000000,-4789.696358,-901.059740,4789.696358,901.059740,901.059740,-4789.696358,-901.059740,4789.696358
0.000000,0.000000,-4788.769754,-902.973434,4788.769754,902.973434,902.973434,-4788.769754,-902.973434,4788.769754
0.000000,0.000000,-4787.841078,-904.886738,4787.841078,904.886738,904.886738,-4787.841078,-904.886738,4787.841078
0.000000,0.000000,-4786.910330,-906.799650,4786.910330,906.799650,906.799650,-4786.910330,-906.799650,4786.910330
0.000000,0.000000,-4785.977510,-908.712171,4785.977510,908.712171,908.712171,-4785.977510,-908.712171,4785.977510
0.000000,0.000000,-4785.042617,-910.624298,4785.042617,910.624298,910.624298,-4785.042617,-910.624298,4785.042617
0.000000,0.000000,-4784.105652,-912.536032,4784.105652,912.536032,912.536032,-4784.105652,-912.536032,4784.105652
0.000000,0.000000,-4783.166613,-914.447370,4783.166613,914.447370,914.447370,-4783.166613,-914.447370,4783.166613
0.000000,0.000000,-4782.225500,-916.358313,4782.225500,916.358313,916.358313,-4782.225500,-916.358313,4782.225500
0.000000,0.000000,-4781.282314,-918.268859,4781.282314,918.268859,918.268859,-4781.282314,-918.268859,4781.282314
0.000000,0.000000,-4780.337054,-920.179006,4780.337054,920.179006,920.179006,-4780.337054,-920.179006,4780.337054
0.000000,0.000000,-4779.389720,-922.088755,4779.389720,922.088755,922.088755,-4779.389720,-922.088755,4779.389720
0.000000,0.000000,-4778.440310,-923.998104,4778.440310,923.998104,923.998104,-4778.440310,-923.998104,4778.440310
0.000000,0.000000,-4777.488826,-925.907052,4777.488826,925.907052,925.907052,-4777.488826,-925.907052,4777.488826
0.000000,0.000000,-4776.535266,-927.815599,4776.535266,927.815599,927.815599,-4776.535266,-927.815599,4776.535266
0.000000,0.000000,-4775.579630,-929.723743,4775.579630,929.723743,929.723743,-4775.579630,-929.723743,4775.579630
0.000000,0.000000,-4774.621919,-931.631483,4774.621919,931.631483,931.631483,-4774.621919,-931.631483,4774.621919
0.000000,0.000000,-4773.662131,-933.538818,4773.662131,933.538818,933.538818,-4773.662131,-933.538818,4773.662131
0.000000,0.000000,-4772.700266,-935.445748,4772.700266,935.445748,935.445748,-4772.700266,-935.445748,4772.700266
0.000000,0.000000,-4771.736325,-937.352271,4771.736325,937.352271,937.352271,-4771.736325,-937.352271,4771.736325
0.000000,0.000000,-4770.770306,-939.258386,4770.770306,939.258386,939.258386,-4770.770306,-939.258386,4770.770306
0.000000,0.000000,-4769.802209,-941.164093,4769.802209,941.164093,941.164093,-4769.802209,-941.164093,4769.802209
0.000000,0.000000,-4768.832035,-943.069390,4768.832035,943.069390,943.069390,-4768.832035,-943.069390,4768.832035
0.000000,0.000000,-4767.859782,-944.974277,4767.859782,944.974277,944.974277,-4767.859782,-944.974277,4767.859782
0.000000,0.000000,-4766.885451,-946.878752,4766.885451,946.878752,946.878752,-4766.885451,-946.878752,4766.885451
0.000000,0.000000,-4765.909041,-948.782815,4765.909041,948.782815,948.782815,-4765.909041,-948.782815,4765.909041
0.000000,0.000000,-4764.930551,-950.686464,4764.930551,950.686464,950.686464,-4764.930551,-950.686464,4764.930551
0.000000,0.000000,-4763.949982,-952.589699,4763.949982,952.589699,952.589699,-4763.949982,-952.589699,4763.949982
0.000000,0.000000,-4762.967333,-954.492518,4762.967333,954.492518,954.492518,-4762.967333,-954.492518,4762.967333
0.000000,0.000000,-4761.982604,-956.394921,4761.982604,956.394921,956.394921,-4761.982604,-956.394921,4761.982604
0.000000,0.000000,-4760.995794,-958.296907,4760.995794,958.296907,958.296907,-4760.995794,-958.296907,4760.995794
0.000000,0.000000,-4760.006904,-960.198474,4760.006904,960.198474,960.198474,-4760.006904,-960.198474,4760.006904
0.000000,0.000000,-4759.015932,-962.099622,4759.015932,962.099622,962.099622,-4759.015932,-962.099622,4759.015932
0.000000,0.000000,-4758.022878,-964.000349,4758.022878,964.000349,964.000349,-4758.022878,-964.000349,4758.022878
0.000000,0.000000,-4757.027743,-965.900655,4757.027743,965.900655,965.900655,-4757.027743,-965.900655,4757.027743
0.000000,0.000000,-4756.030526,-967.800539,4756.030526,967.800539,967.800539,-4756.030526,-967.800539,4756.030526
0.000000,0.000000,-4755.031225,-969.700000,4755.031225,969.700000,969.700000,-4755.031225,-969.700000,4755.031225
0.000000,0.000000,-4754.029843,-971.599036,4754.029843,971.599036,971.599036,-4754.029843,-971.599036,4754.029843
0.000000,0.000000,-4753.026376,-973.497647,4753.026376,973.497647,973.497647,-4753.026376,-973.497647,4753.026376
0.000000,0.000000,-4752.020827,-975.395831,4752.020827,975.395831,975.395831,-4752.020827,-975.395831,4752.020827
0.000000,0.000000,-4751.013193,-977.293589,4751.013193,977.293589,977.293589,-4751.013193,-977.293589,4751.013193
0.000000,0.000000,-4750.003475,-979.190918,4750.003475,979.190918,979.190918,-4750.003475,-979.190918,4750.003475
0.000000,0.000000,-4748.991673,-981.087817,4748.991673,981.087817,981.087817,-4748.991673,-981.087817,4748.991673
0.000000,0.000000,-4747.977785,-982.984287,4747.977785,982.984287,982.984287,-4747.977785,-982.984287,4747.977785
0.000000,0.000000,-4746.961813,-984.880325,4746.961813,984.880325,984.880325,-4746.961813,-984.880325,4746.961813
0.000000,0.000000,-4745.943754,-986.775931,4745.943754,986.775931,986.775931,-4745.943754,-986.775931,4745.943754
0.000000,0.000000,-4744.923610,-988.671104,4744.923610,988.671104,988.671104,-4744.923610,-988.671104,4744.923610
0.000000,0.000000,-4743.901380,-990.565842,4743.901380,990.565842,990.565842,-4743.901380,-990.565842,4743.901380
0.000000,0.000000,-4742.877063,-992.460146,4742.877063,992.460146,992.460146,-4742.877063,-992.460146,4742.877063
0.000000,0.000000,-4741.850659,-994.354013,4741.850659,994.354013,994.354013,-4741.850659,-994.354013,4741.850659
0.000000,0.000000,-4740.822168,-996.247443,4740.822168,996.247443,996.247443,-4740.822168,-996.247443,4740.822168
0.000000,0.000000,-4739.791589,-998.140434,4739.791589,998.140434,998.140434,-4739.791589,-998.140434,4739.791589
0.000000,0.000000,-4738.758922,-1000.032987,4738.758922,1000.032987,1000.032987,-4738.758922,-1000.032987,4738.758922
0.000000,0.000000,-4737.724166,-1001.925099,4737.724166,1001.925099,1001.925099,-4737.724166,-1001.925099,4737.724166
0.000000,0.000000,-4736.687322,-1003.816769,4736.687322,1003.816769,1003.816769,-4736.687322,-1003.816769,4736.687322
0.000000,0.000000,-4735.648389,-1005.707998,4735.648389,1005.707998,1005.707998,-4735.648389,-1005.707998,4735.648389
0.000000,0.000000,-4734.607367,-1007.598783,4734.607367,1007.598783,1007.598783,-4734.607367,-1007.598783,4734.607367
0.000000,0.000000,-4733.564255,-1009.489124,4733.564255,1009.489124,1009.489124,-4733.564255,-1009.489124,4733.564255
0.000000,0.000000,-4732.519053,-1011.379020,4732.519053,1011.379020,1011.379020,-4732.519053,-1011.379020,4732.519053
0.000000,0.000000,-4731.471760,-1013.268470,4731.471760,1013.268470,1013.268470,-4731.471760,-1013.268470,4731.471760
0.000000,0.000000,-4730.422376,-1015.157472,4730.422376,1015.157472,1015.157472,-4730.422376,-1015.157472,4730.422376
0.000000,0.000000,-4729.370902,-1017.046026,4729.370902,1017.046026,1017.046026,-4729.370902,-1017.046026,4729.370902
0.000000,0.000000,-4728.317336,-1018.934131,4728.317336,1018.934131,1018.934131,-4728.317336,-1018.934131,4728.317336
0.000000,0.000000,-4727.261678,-1020.821785,4727.261678,1020.821785,1020.821785,-4727.261678,-1020.821785,4727.261678
0.000000,0.000000,-4726.203928,-1022.708988,4726.203928,1022.708988,1022.708988,-4726.203928,-1022.708988,4726.203928
0.000000,0.000000,-4725.144085,-1024.595738,4725.144085,1024.595738,1024.595738,-4725.144085,-1024.595738,4725.144085
0.000000,0.000000,-4724.082149,-1026.482036,4724.082149,1026.482036,1026.482036,-4724.082149,-1026.482036,4724.082149
0.000000,0.000000,-4723.018120,-1028.367879,4723.018120,1028.367879,1028.367879,-4723.018120,-1028.367879,4723.018120
0.000000,0.000000,-4721.951998,-1030.253266,4721.951998,1030.253266,1030.253266,-4721.951998,-1030.253266,4721.951998
0.000000,0.000000,-4720.883781,-1032.138197,4720.883781,1032.138197,1032.138197,-4720.883781,-1032.138197,4720.883781
0.000000,0.000000,-4719.813470,-1034.022671,4719.813470,1034.022671,1034.022671,-4719.813470,-1034.022671,4719.813470
0.000000,0.000000,-4718.741065,-1035.906686,4718.741065,1035.906686,1035.906686,-4718.741065,-1035.906686,4718.741065
0.000000,0.000000,-4717.666564,-1037.790242,4717.666564,1037.790242,1037.790242,-4717.666564,-1037.790242,4717.666564
0.000000,0.000000,-4716.589968,-1039.673337,4716.589968,1039.673337,1039.673337,-4716.589968,-1039.673337,4716.589968
0.000000,0.000000,-4715.511276,-1041.555971,4715.511276,1041.555971,1041.555971,-4715.511276,-1041.555971,4715.511276
0.000000,0.000000,-4714.430488,-1043.438142,4714.430488,1043.438142,1043.438142,-4714.430488,-1043.438142,4714.430488
0.000000,0.000000,-4713.347603,-1045.319850,4713.347603,1045.319850,1045.319850,-4713.347603,-1045.319850,4713.347603
0.000000,0.000000,-4712.262622,-1047.201093,4712.262622,1047.201093,1047.201093,-4712.262622,-1047.201093,4712.262622
0.000000,0.000000,-4711.175543,-1049.081871,4711.175543,1049.081871,1049.081871,-4711.175543,-1049.081871,4711.175543
0.000000,0.000000,-4710.086367,-1050.962182,4710.086367,1050.962182,1050.962182,-4710.086367,-1050.962182,4710.086367
0.000000,0.000000,-4708.995092,-1052.842025,4708.995092,1052.842025,1052.842025,-4708.995092,-1052.842025,4708.995092
0.000000,0.000000,-4707.901719,-1054.721400,4707.901719,1054.721400,1054.721400,-4707.901719,-1054.721400,4707.901719
0.000000,0.000000,-4706.806248,-1056.600304,4706.806248,1056.600304,1056.600304,-4706.806248,-1056.600304,4706.806248
0.000000,0.000000,-4705.708677,-1058.478739,4705.708677,1058.478739,1058.478739,-4705.708677,-1058.478739,4705.708677
0.000000,0.000000,-4704.609007,-1060.356701,4704.609007,1060.356701,1060.356701,-4704.609007,-1060.356701,4704.609007
0.000000,0.000000,-4703.507238,-1062.234191,4703.507238,1062.234191,1062.234191,-4703.507238,-1062.234191,4703.507238
0.000000,0.000000,-4702.403367,-1064.111206,4702.403367,1064.111206,1064.111206,-4702.403367,-1064.111206,4702.403367
0.000000,0.000000,-4701.297397,-1065.987747,4701.297397,1065.987747,1065.987747,-4701.297397,-1065.987747,4701.297397
0.000000,0.000000,-4700.189325,-1067.863812,4700.189325,1067.863812,1067.863812,-4700.189325,-1067.863812,4700.189325
0.000000,0.000000,-4699.079152,-1069.739400,4699.079152,1069.739400,1069.739400,-4699.079152,-1069.739400,4699.079152
0.000000,0.000000,-4697.966877,-1071.614510,4697.966877,1071.614510,1071.614510,-4697.966877,-1071.614510,4697.966877
0.000000,0.000000,-4696.852501,-1073.489141,4696.852501,1073.489141,1073.489141,-4696.852501,-1073.489141,4696.852501
0.000000,0.000000,-4695.736021,-1075.363292,4695.736021,1075.363292,1075.363292,-4695.736021,-1075.363292,4695.736021
0.000000,0.000000,-4694.617439,-1077.236962,4694.617439,1077.236962,1077.236962,-4694.617439,-1077.236962,4694.617439
0.000000,0.000000,-4693.496754,-1079.110150,4693.496754,1079.110150,1079.110150,-4693.496754,-1079.110150,4693.496754
0.000000,0.000000,-4692.373965,-1080.982854,4692.373965,1080.982854,1080.982854,-4692.373965,-1080.982854,4692.373965
0.000000,0.000000,-4691.249072,-1082.855075,4691.249072,1082.855075,1082.855075,-4691.249072,-1082.855075,4691.249072
0.000000,0.000000,-4690.122075,-1084.726810,4690.122075,1084.726810,1084.726810,-4690.122075,-1084.726810,4690.122075
0.000000,0.000000,-4688.992973,-1086.598059,4688.992973,1086.598059,1086.598059,-4688.992973,-1086.598059,4688.992973
0.000000,0.000000,-4687.861766,-1088.468820,4687.861766,1088.468820,1088.468820,-4687.861766,-1088.468820,4687.861766
0.000000,0.000000,-4686.728453,-1090.339093,4686.728453,1090.339093,1090.339093,-4686.728453,-1090.339093,4686.728453
0.000000,0.000000,-4685.593035,-1092.208877,4685.593035,1092.208877,1092.208877,-4685.593035,-1092.208877,4685.593035
0.000000,0.000000,-4684.455510,-1094.078170,4684.455510,1094.078170,1094.078170,-4684.455510,-1094.078170,4684.455510
0.000000,0.000000,-4683.315879,-1095.946972,4683.315879,1095.946972,1095.946972,-4683.315879,-1095.946972,4683.315879
0.000000,0.000000,-4682.174140,-1097.815281,4682.174140,1097.815281,1097.815281,-4682.174140,-1097.815281,4682.174140
0.000000,0.000000,-4681.030294,-1099.683096,4681.030294,1099.683096,1099.683096,-4681.030294,-1099.683096,4681.030294
0.000000,0.000000,-4679.884341,-1101.550417,4679.884341,1101.550417,1101.550417,-4679.884341,-1101.550417,4679.884341
0.000000,0.000000,-4678.736279,-1103.417241,4678.736279,1103.417241,1103.417241,-4678.736279,-1103.417241,4678.736279
0.000000,0.000000,-4677.586108,-1105.283570,4677.586108,1105.283570,1105.283570,-4677.586108,-1105.283570,4677.586108
0.000000,0.000000,-4676.433829,-1107.149400,4676.433829,1107.149400,1107.149400,-4676.433829,-1107.149400,4676.433829
0.000000,0.000000,-4675.279440,-1109.014731,4675.279440,1109.014731,1109.014731,-4675.279440,-1109.014731,4675.279440
0.000000,0.000000,-4674.122941,-1110.879563,4674.122941,1110.879563,1110.879563,-4674.122941,-1110.879563,4674.122941
0.000000,0.000000,-4672.964333,-1112.743893,4672.964333,1112.743893,1112.743893,-4672.964333,-1112.743893,4672.964333
0.000000,0.000000,-4671.803613,-1114.607721,4671.803613,1114.607721,1114.607721,-4671.803613,-1114.607721,4671.803613
0.000000,0.000000,-4670.640783,-1116.471046,4670.640783,1116.471046,1116.471046,-4670.640783,-1116.471046,4670.640783
0.000000,0.000000,-4669.475841,-1118.333867,4669.475841,1118.333867,1118.333867,-4669.475841,-1118.333867,4669.475841
0.000000,0.000000,-4668.308788,-1120.196183,4668.308788,1120.196183,1120.196183,-4668.308788,-1120.196183,4668.308788
0.000000,0.000000,-4667.139622,-1122.057992,4667.139622,1122.057992,1122.057992,-4667.139622,-1122.057992,4667.139622
0.000000,0.000000,-4665.968344,-1123.919294,4665.968344,1123.919294,1123.919294,-4665.968344,-1123.919294,4665.968344
0.000000,0.000000,-4664.794953,-1125.780087,4664.794953,1125.780087,1125.780087,-4664.794953,-1125.780087,4664.794953
0.000000,0.000000,-4663.619449,-1127.640371,4663.619449,1127.640371,1127.640371,-4663.619449,-1127.640371,4663.619449
0.000000,0.000000,-4662.441831,-1129.500144,4662.441831,1129.500144,1129.500144,-4662.441831,-1129.500144,4662.441831
0.000000,0.000000,-4661.262099,-1131.359406,4661.262099,1131.359406,1131.359406,-4661.262099,-1131.359406,4661.262099
0.000000,0.000000,-4660.080252,-1133.218155,4660.080252,1133.218155,1133.218155,-4660.080252,-1133.218155,4660.080252
0.000000,0.000000,-4658.896290,-1135.076390,4658.896290,1135.076390,1135.076390,-4658.896290,-1135.076390,4658.896290
0.000000,0.000000,-4657.710213,-1136.934110,4657.710213,1136.934110,1136.934110,-4657.710213,-1136.934110,4657.710213
0.000000,0.000000,-4656.522021,-1138.791314,4656.522021,1138.791314,1138.791314,-4656.522021,-1138.791314,4656.522021
0.000000,0.000000,-4655.331712,-1140.648001,4655.331712,1140.648001,1140.648001,-4655.331712,-1140.648001,4655.331712
0.000000,0.000000,-4654.139286,-1142.504170,4654.139286,1142.504170,1142.504170,-4654.139286,-1142.504170,4654.139286
0.000000,0.000000,-4652.944744,-1144.359820,4652.944744,1144.359820,1144.359820,-4652.944744,-1144.359820,4652.944744
0.000000,0.000000,-4651.748084,-1146.214950,4651.748084,1146.214950,1146.214950,-4651.748084,-1146.214950,4651.748084
0.000000,0.000000,-4650.549307,-1148.069558,4650.549307,1148.069558,1148.069558,-4650.549307,-1148.069558,4650.549307
0.000000,0.000000,-4649.348411,-1149.923644,4649.348411,1149.923644,1149.923644,-4649.348411,-1149.923644,4649.348411
0.000000,0.000000,-4648.145397,-1151.777206,4648.145397,1151.777206,1151.777206,-4648.145397,-1151.777206,4648.145397
0.000000,0.000000,-4646.940263,-1153.630244,4646.940263,1153.630244,1153.630244,-4646.940263,-1153.630244,4646.940263
0.000000,0.000000,-4645.733011,-1155.482756,4645.733011,1155.482756,1155.482756,-4645.733011,-1155.482756,4645.733011
0.000000,0.000000,-4644.523638,-1157.334741,4644.523638,1157.334741,1157.334741,-4644.523638,-1157.334741,4644.523638
0.000000,0.000000,-4643.312146,-1159.186199,4643.312146,1159.186199,1159.186199,-4643.312146,-1159.186199,4643.312146
0.000000,0.000000,-4642.098532,-1161.037127,4642.098532,1161.037127,1161.037127,-4642.098532,-1161.037127,4642.098532
0.000000,0.000000,-4640.882798,-1162.887526,4640.882798,1162.887526,1162.887526,-4640.882798,-1162.887526,4640.882798
0.000000,0.000000,-4639.664942,-1164.737393,4639.664942,1164.737393,1164.737393,-4639.664942,-1164.737393,4639.664942
0.000000,0.000000,-4638.444964,-1166.586729,4638.444964,1166.586729,1166.586729,-4638.444964,-1166.586729,4638.444964
0.000000,0.000000,-4637.222864,-1168.435531,4637.222864,1168.435531,1168.435531,-4637.222864,-1168.435531,4637.222864
0.000000,0.000000,-4635.998641,-1170.283798,4635.998641,1170.283798,1170.283798,-4635.998641,-1170.283798,4635.998641
0.000000,0.000000,-4634.772295,-1172.131531,4634.772295,1172.131531,1172.131531,-4634.772295,-1172.131531,4634.772295
0.000000,0.000000,-4633.543825,-1173.978726,4633.543825,1173.978726,1173.978726,-4633.543825,-1173.978726,4633.543825
0.000000,0.000000,-4632.313232,-1175.825384,4632.313232,1175.825384,1175.825384,-4632.313232,-1175.825384,4632.313232
0.000000,0.000000,-4631.080514,-1177.671503,4631.080514,1177.671503,1177.671503,-4631.080514,-1177.671503,4631.080514
0.000000,0.000000,-4629.845671,-1179.517083,4629.845671,1179.517083,1179.517083,-4629.845671,-1179.517083,4629.845671
0.000000,0.000000,-4628.608703,-1181.362121,4628.608703,1181.362121,1181.362121,-4628.608703,-1181.362121,4628.608703
0.000000,0.000000,-4627.369609,-1183.206618,4627.369609,1183.206618,1183.206618,-4627.369609,-1183.206618,4627.369609
0.000000,0.000000,-4626.128390,-1185.050571,4626.128390,1185.050571,1185.050571,-4626.128390,-1185.050571,4626.128390
0.000000,0.000000,-4624.885043,-1186.893980,4624.885043,1186.893980,1186.893980,-4624.885043,-1186.893980,4624.885043
0.000000,0.000000,-4623.639570,-1188.736844,4623.639570,1188.736844,1188.736844,-4623.639570,-1188.736844,4623.639570
0.000000,0.000000,-4622.391970,-1190.579161,4622.391970,1190.579161,1190.579161,-4622.391970,-1190.579161,4622.391970
0.000000,0.000000,-4621.142241,-1192.420931,4621.142241,1192.420931,1192.420931,-4621.142241,-1192.420931,4621.142241
0.000000,0.000000,-4619.890385,-1194.262152,4619.890385,1194.262152,1194.262152,-4619.890385,-1194.262152,4619.890385
0.000000,0.000000,-4618.636399,-1196.102823,4618.636399,1196.102823,1196.102823,-4618.636399,-1196.102823,4618.636399
0.000000,0.000000,-4617.380285,-1197.942943,4617.380285,1197.942943,1197.942943,-4617.380285,-1197.942943,4617.380285
0.000000,0.000000,-4616.122041,-1199.782512,4616.122041,1199.782512,1199.782512,-4616.122041,-1199.782512,4616.122041
0.000000,0.000000,-4614.861667,-1201.621527,4614.861667,1201.621527,1201.621527,-4614.861667,-1201.621527,4614.861667
0.000000,0.000000,-4613.599163,-1203.459988,4613.599163,1203.459988,1203.459988,-4613.599163,-1203.459988,4613.599163
0.000000,0.000000,-4612.334528,-1205.297894,4612.334528,1205.297894,1205.297894,-4612.334528,-1205.297894,4612.334528
0.000000,0.000000,-4611.067762,-1207.135243,4611.067762,1207.135243,1207.135243,-4611.067762,-1207.135243,4611.067762
0.000000,0.000000,-4609.798864,-1208.972035,4609.798864,1208.972035,1208.972035,-4609.798864,-1208.972035,4609.798864
0.000000,0.000000,-4608.527834,-1210.808268,4608.527834,1210.808268,1210.808268,-4608.527834,-1210.808268,4608.527834
0.000000,0.000000,-4607.254671,-1212.643941,4607.254671,1212.643941,1212.643941,-4607.254671,-1212.643941,4607.254671
0.000000,0.000000,-4605.979376,-1214.479054,4605.979376,1214.479054,1214.479054,-4605.979376,-1214.479054,4605.979376
0.000000,0.000000,-4604.701947,-1216.313604,4604.701947,1216.313604,1216.313604,-4604.701947,-1216.313604,4604.701947
0.000000,0.000000,-4603.422384,-1218.147591,4603.422384,1218.147591,1218.147591,-4603.422384,-1218.147591,4603.422384
0.000000,0.000000,-4602.140687,-1219.981014,4602.140687,1219.981014,1219.981014,-4602.140687,-1219.981014,4602.140687
0.000000,0.000000,-4600.856855,-1221.813872,4600.856855,1221.813872,1221.813872,-4600.856855,-1221.813872,4600.856855
0.000000,0.000000,-4599.570888,-1223.646163,4599.570888,1223.646163,1223.646163,-4599.570888,-1223.646163,4599.570888
0.000000,0.000000,-4598.282785,-1225.477886,4598.282785,1225.477886,1225.477886,-4598.282785,-1225.477886,4598.282785
0.000000,0.000000,-4596.992546,-1227.309041,4596.992546,1227.309041,1227.309041,-4596.992546,-1227.309041,4596.992546
0.000000,0.000000,-4595.700171,-1229.139626,4595.700171,1229.139626,1229.139626,-4595.700171,-1229.139626,4595.700171
0.000000,0.000000,-4594.405659,-1230.969640,4594.405659,1230.969640,1230.969640,-4594.405659,-1230.969640,4594.405659
0.000000,0.000000,-4593.109009,-1232.799081,4593.109009,1232.799081,1232.799081,-4593.109009,-1232.799081,4593.109009
0.000000,0.000000,-4591.810221,-1234.627949,4591.810221,1234.627949,1234.627949,-4591.810221,-1234.627949,4591.810221
0.000000,0.000000,-4590.509296,-1236.456243,4590.509296,1236.456243,1236.456243,-4590.509296,-1236.456243,4590.509296
0.000000,0.000000,-4589.206231,-1238.283961,4589.206231,1238.283961,1238.283961,-4589.206231,-1238.283961,4589.206231
0.000000,0.000000,-4587.901027,-1240.111103,4587.901027,1240.111103,1240.111103,-4587.901027,-1240.111103,4587.901027
0.000000,0.000000,-4586.593684,-1241.937667,4586.593684,1241.937667,1241.937667,-4586.593684,-1241.937667,4586.593684
0.000000,0.000000,-4585.284201,-1243.763651,4585.284201,1243.763651,1243.763651,-4585.284201,-1243.763651,4585.284201
0.000000,0.000000,-4583.972577,-1245.589056,4583.972577,1245.589056,1245.589056,-4583.972577,-1245.589056,4583.972577
0.000000,0.000000,-4582.658812,-1247.413879,4582.658812,1247.413879,1247.413879,-4582.658812,-1247.413879,4582.658812
0.000000,0.000000,-4581.342905,-1249.238120,4581.342905,1249.238120,1249.238120,-4581.342905,-1249.238120,4581.342905
0.000000,0.000000,-4580.024857,-1251.061778,4580.024857,1251.061778,1251.061778,-4580.024857,-1251.061778,4580.024857
0.000000,0.000000,-4578.704666,-1252.884851,4578.704666,1252.884851,1252.884851,-4578.704666,-1252.884851,4578.704666
0.000000,0.000000,-4577.382333,-1254.707337,4577.382333,1254.707337,1254.707337,-4577.382333,-1254.707337,4577.382333
0.000000,0.000000,-4576.057856,-1256.529237,4576.057856,1256.529237,1256.529237,-4576.057856,-1256.529237,4576.057856
0.000000,0.000000,-4574.731236,-1258.350549,4574.731236,1258.350549,1258.350549,-4574.731236,-1258.350549,4574.731236
0.000000,0.000000,-4573.402471,-1260.171272,4573.402471,1260.171272,1260.171272,-4573.402471,-1260.171272,4573.402471
0.000000,0.000000,-4572.071562,-1261.991404,4572.071562,1261.991404,1261.991404,-4572.071562,-1261.991404,4572.071562
0.000000,0.000000,-4570.738507,-1263.810944,4570.738507,1263.810944,1263.810944,-4570.738507,-1263.810944,4570.738507
0.000000,0.000000,-4569.403307,-1265.629892,4569.403307,1265.629892,1265.629892,-4569.403307,-1265.629892,4569.403307
0.000000,0.000000,-4568.065961,-1267.448246,4568.065961,1267.448246,1267.448246,-4568.065961,-1267.448246,4568.065961
0.000000,0.000000,-4566.726469,-1269.266005,4566.726469,1269.266005,1269.266005,-4566.726469,-1269.266005,4566.726469
0.000000,0.000000,-4565.384830,-1271.083168,4565.384830,1271.083168,1271.083168,-4565.384830,-1271.083168,4565.384830
0.000000,0.000000,-4564.041043,-1272.899733,4564.041043,1272.899733,1272.899733,-4564.041043,-1272.899733,4564.041043
0.000000,0.000000,-4562.695108,-1274.715700,4562.695108,1274.715700,1274.715700,-4562.695108,-1274.715700,4562.695108
0.000000,0.000000,-4561.347025,-1276.531067,4561.347025,1276.531067,1276.531067,-4561.347025,-1276.531067,4561.347025
0.000000,0.000000,-4559.996794,-1278.345833,4559.996794,1278.345833,1278.345833,-4559.996794,-1278.345833,4559.996794
0.000000,0.000000,-4558.644412,-1280.159997,4558.644412,1280.159997,1280.159997,-4558.644412,-1280.159997,4558.644412
0.000000,0.000000,-4557.289882,-1281.973558,4557.289882,1281.973558,1281.973558,-4557.289882,-1281.973558,4557.289882
0.000000,0.000000,-4555.933201,-1283.786515,4555.933201,1283.786515,1283.786515,-4555.933201,-1283.786515,4555.933201
0.000000,0.000000,-4554.574369,-1285.598866,4554.574369,1285.598866,1285.598866,-4554.574369,-1285.598866,4554.574369
0.000000,0.000000,-4553.213386,-1287.410611,4553.213386,1287.410611,1287.410611,-4553.213386,-1287.410611,4553.213386
0.000000,0.000000,-4551.850252,-1289.221747,4551.850252,1289.221747,1289.221747,-4551.850252,-1289.221747,4551.850252
0.000000,0.000000,-4550.484965,-1291.032275,4550.484965,1291.032275,1291.032275,-4550.484965,-1291.032275,4550.484965
0.000000,0.000000,-4549.117526,-1292.842193,4549.117526,1292.842193,1292.842193,-4549.117526,-1292.842193,4549.117526
0.000000,0.000000,-4547.747934,-1294.651499,4547.747934,1294.651499,1294.651499,-4547.747934,-1294.651499,4547.747934
0.000000,0.000000,-4546.376189,-1296.460192,4546.376189,1296.460192,1296.460192,-4546.376189,-1296.460192,4546.376189
0.000000,0.000000,-4545.002289,-1298.268272,4545.002289,1298.268272,1298.268272,-4545.002289,-1298.268272,4545.002289
0.000000,0.000000,-4543.626235,-1300.075737,4543.626235,1300.075737,1300.075737,-4543.626235,-1300.075737,4543.626235
0.000000,0.000000,-4542.248026,-1301.882586,4542.248026,1301.882586,1301.882586,-4542.248026,-1301.882586,4542.248026
0.000000,0.000000,-4540.867662,-1303.688818,4540.867662,1303.688818,1303.688818,-4540.867662,-1303.688818,4540.867662
0.000000,0.000000,-4539.485141,-1305.494431,4539.485141,1305.494431,1305.494431,-4539.485141,-1305.494431,4539.485141
0.000000,0.000000,-4538.100465,-1307.299425,4538.100465,1307.299425,1307.299425,-4538.100465,-1307.299425,4538.100465
0.000000,0.000000,-4536.713631,-1309.103797,4536.713631,1309.103797,1309.103797,-4536.713631,-1309.103797,4536.713631
0.000000,0.000000,-4535.324640,-1310.907548,4535.324640,1310.907548,1310.907548,-4535.324640,-1310.907548,4535.324640
0.000000,0.000000,-4533.933491,-1312.710676,4533.933491,1312.710676,1312.710676,-4533.933491,-1312.710676,4533.933491
0.000000,0.000000,-4532.540184,-1314.513179,4532.540184,1314.513179,1314.513179,-4532.540184,-1314.513179,4532.540184
0.000000,0.000000,-4531.144719,-1316.315057,4531.144719,1316.315057,1316.315057,-4531.144719,-1316.315057,4531.144719
0.000000,0.000000,-4529.747094,-1318.116308,4529.747094,1318.116308,1318.116308,-4529.747094,-1318.116308,4529.747094
0.000000,0.000000,-4528.347309,-1319.916931,4528.347309,1319.916931,1319.916931,-4528.347309,-1319.916931,4528.347309
0.000000,0.000000,-4526.945364,-1321.716924,4526.945364,1321.716924,1321.716924,-4526.945364,-1321.716924,4526.945364
0.000000,0.000000,-4525.541258,-1323.516288,4525.541258,1323.516288,1323.516288,-4525.541258,-1323.516288,4525.541258
0.000000,0.000000,-4524.134991,-1325.315020,4524.134991,1325.315020,1325.315020,-4524.134991,-1325.315020,4524.134991
0.000000,0.000000,-4522.726562,-1327.113119,4522.726562,1327.113119,1327.113119,-4522.726562,-1327.113119,4522.726562
0.000000,0.000000,-4521.315971,-1328.910584,4521.315971,1328.910584,1328.910584,-4521.315971,-1328.910584,4521.315971
0.000000,0.000000,-4519.903218,-1330.707415,4519.903218,1330.707415,1330.707415,-4519.903218,-1330.707415,4519.903218
0.000000,0.000000,-4518.488301,-1332.503609,4518.488301,1332.503609,1332.503609,-4518.488301,-1332.503609,4518.488301
0.000000,0.000000,-4517.071221,-1334.299165,4517.071221,1334.299165,1334.299165,-4517.071221,-1334.299165,4517.071221
0.000000,0.000000,-4515.651976,-1336.094082,4515.651976,1336.094082,1336.094082,-4515.651976,-1336.094082,4515.651976
0.000000,0.000000,-4514.230567,-1337.888360,4514.230567,1337.888360,1337.888360,-4514.230567,-1337.888360,4514.230567
0.000000,0.000000,-4512.806992,-1339.681997,4512.806992,1339.681997,1339.681997,-4512.806992,-1339.681997,4512.806992
0.000000,0.000000,-4511.381252,-1341.474991,4511.381252,1341.474991,1341.474991,-4511.381252,-1341.474991,4511.381252
0.000000,0.000000,-4509.953346,-1343.267341,4509.953346,1343.267341,1343.267341,-4509.953346,-1343.267341,4509.953346
0.000000,0.000000,-4508.523273,-1345.059047,4508.523273,1345.059047,1345.059047,-4508.523273,-1345.059047,4508.523273
0.000000,0.000000,-4507.091033,-1346.850107,4507.091033,1346.850107,1346.850107,-4507.091033,-1346.850107,4507.091033
0.000000,0.000000,-4505.656625,-1348.640519,4505.656625,1348.640519,1348.640519,-4505.656625,-1348.640519,4505.656625
0.000000,0.000000,-4504.220050,-1350.430283,4504.220050,1350.430283,1350.430283,-4504.220050,-1350.430283,4504.220050
0.000000,0.000000,-4502.781305,-1352.219398,4502.781305,1352.219398,1352.219398,-4502.781305,-1352.219398,4502.781305
0.000000,0.000000,-4501.340391,-1354.007861,4501.340391,1354.007861,1354.007861,-4501.340391,-1354.007861,4501.340391
0.000000,0.000000,-4499.897308,-1355.795672,4499.897308,1355.795672,1355.795672,-4499.897308,-1355.795672,4499.897308
0.000000,0.000000,-4498.452055,-1357.582831,4498.452055,1357.582831,1357.582831,-4498.452055,-1357.582831,4498.452055
0.000000,0.000000,-4497.004631,-1359.369334,4497.004631,1359.369334,1359.369334,-4497.004631,-1359.369334,4497.004631
0.000000,0.000000,-4495.555035,-1361.155182,4495.555035,1361.155182,1361.155182,-4495.555035,-1361.155182,4495.555035
0.000000,0.000000,-4494.103268,-1362.940373,4494.103268,1362.940373,1362.940373,-4494.103268,-1362.940373,4494.103268
0.000000,0.000000,-4492.649329,-1364.724905,4492.649329,1364.724905,1364.724905,-4492.649329,-1364.724905,4492.649329
0.000000,0.000000,-4491.193218,-1366.508778,4491.193218,1366.508778,1366.508778,-4491.193218,-1366.508778,4491.193218
0.000000,0.000000,-4489.734933,-1368.291991,4489.734933,1368.291991,1368.291991,-4489.734933,-1368.291991,4489.734933
0.000000,0.000000,-4488.274474,-1370.074541,4488.274474,1370.074541,1370.074541,-4488.274474,-1370.074541,4488.274474
0.000000,0.000000,-4486.811841,-1371.856429,4486.811841,1371.856429,1371.856429,-4486.811841,-1371.856429,4486.811841
0.000000,0.000000,-4485.347033,-1373.637652,4485.347033,1373.637652,1373.637652,-4485.347033,-1373.637652,4485.347033
0.000000,0.000000,-4483.880050,-1375.418209,4483.880050,1375.418209,1375.418209,-4483.880050,-1375.418209,4483.880050
0.000000,0.000000,-4482.410892,-1377.198099,4482.410892,1377.198099,1377.198099,-4482.410892,-1377.198099,4482.410892
0.000000,0.000000,-4480.939557,-1378.977322,4480.939557,1378.977322,1378.977322,-4480.939557,-1378.977322,4480.939557
0.000000,0.000000,-4479.466045,-1380.755875,4479.466045,1380.755875,1380.755875,-4479.466045,-1380.755875,4479.466045
0.000000,0.000000,-4477.990356,-1382.533757,4477.990356,1382.533757,1382.533757,-4477.990356,-1382.533757,4477.990356
0.000000,0.000000,-4476.512489,-1384.310968,4476.512489,1384.310968,1384.310968,-4476.512489,-1384.310968,4476.512489
0.000000,0.000000,-4475.032444,-1386.087505,4475.032444,1386.087505,1386.087505,-4475.032444,-1386.087505,4475.032444
0.000000,0.000000,-4473.550220,-1387.863368,4473.550220,1387.863368,1387.863368,-4473.550220,-1387.863368,4473.550220
0.000000,0.000000,-4472.065817,-1389.638556,4472.065817,1389.638556,1389.638556,-4472.065817,-1389.638556,4472.065817
0.000000,0.000000,-4470.579233,-1391.413067,4470.579233,1391.413067,1391.413067,-4470.579233,-1391.413067,4470.579233
0.000000,0.000000,-4469.090470,-1393.186899,4469.090470,1393.186899,1393.186899,-4469.090470,-1393.186899,4469.090470
0.000000,0.000000,-4467.599525,-1394.960053,4467.599525,1394.960053,1394.960053,-4467.599525,-1394.960053,4467.599525
0.000000,0.000000,-4466.106399,-1396.732525,4466.106399,1396.732525,1396.732525,-4466.106399,-1396.732525,4466.106399
0.000000,0.000000,-4464.611091,-1398.504316,4464.611091,1398.504316,1398.504316,-4464.611091,-1398.504316,4464.611091
0.000000,0.000000,-4463.113600,-1400.275424,4463.113600,1400.275424,1400.275424,-4463.113600,-1400.275424,4463.113600
0.000000,0.000000,-4461.613927,-1402.045848,4461.613927,1402.045848,1402.045848,-4461.613927,-1402.045848,4461.613927
0.000000,0.000000,-4460.112069,-1403.815585,4460.112069,1403.815585,1403.815585,-4460.112069,-1403.815585,4460.112069
0.000000,0.000000,-4458.608028,-1405.584636,4458.608028,1405.584636,1405.584636,-4458.608028,-1405.584636,4458.608028
0.000000,0.000000,-4457.101802,-1407.352999,4457.101802,1407.352999,1407.352999,-4457.101802,-1407.352999,4457.101802
0.000000,0.000000,-4455.593391,-1409.120672,4455.593391,1409.120672,1409.120672,-4455.593391,-1409.120672,4455.593391
0.000000,0.000000,-4454.082794,-1410.887655,4454.082794,1410.887655,1410.887655,-4454.082794,-1410.887655,4454.082794
0.000000,0.000000,-4452.570011,-1412.653946,4452.570011,1412.653946,1412.653946,-4452.570011,-1412.653946,4452.570011
0.000000,0.000000,-4451.055041,-1414.419543,4451.055041,1414.419543,1414.419543,-4451.055041,-1414.419543,4451.055041
0.000000,0.000000,-4449.537884,-1416.184446,4449.537884,1416.184446,1416.184446,-4449.537884,-1416.184446,4449.537884
0.000000,0.000000,-4448.018540,-1417.948653,4448.018540,1417.948653,1417.948653,-4448.018540,-1417.948653,4448.018540
0.000000,0.000000,-4446.497006,-1419.712163,4446.497006,1419.712163,1419.712163,-4446.497006,-1419.712163,4446.497006
0.000000,0.000000,-4444.973284,-1421.474975,4444.973284,1421.474975,1421.474975,-4444.973284,-1421.474975,4444.973284
0.000000,0.000000,-4443.447373,-1423.237087,4443.447373,1423.237087,1423.237087,-4443.447373,-1423.237087,4443.447373
0.000000,0.000000,-4441.919271,-1424.998498,4441.919271,1424.998498,1424.998498,-4441.919271,-1424.998498,4441.919271
0.000000,0.000000,-4440.388980,-1426.759207,4440.388980,1426.759207,1426.759207,-4440.388980,-1426.759207,4440.388980
0.000000,0.000000,-4438.856497,-1428.519213,4438.856497,1428.519213,1428.519213,-4438.856497,-1428.519213,4438.856497
0.000000,0.000000,-4437.321822,-1430.278514,4437.321822,1430.278514,1430.278514,-4437.321822,-1430.278514,4437.321822
0.000000,0.000000,-4435.784955,-1432.037109,4435.784955,1432.037109,1432.037109,-4435.784955,-1432.037109,4435.784955
0.000000,0.000000,-4434.245896,-1433.794996,4434.245896,1433.794996,1433.794996,-4434.245896,-1433.794996,4434.245896
0.000000,0.000000,-4432.704644,-1435.552175,4432.704644,1435.552175,1435.552175,-4432.704644,-1435.552175,4432.704644
0.000000,0.000000,-4431.161197,-1437.308644,4431.161197,1437.308644,1437.308644,-4431.161197,-1437.308644,4431.161197
0.000000,0.000000,-4429.615557,-1439.064402,4429.615557,1439.064402,1439.064402,-4429.615557,-1439.064402,4429.615557
0.000000,0.000000,-4428.067721,-1440.819448,4428.067721,1440.819448,1440.819448,-4428.067721,-1440.819448,4428.067721
0.000000,0.000000,-4426.517690,-1442.573779,4426.517690,1442.573779,1442.573779,-4426.517690,-1442.573779,4426.517690
0.000000,0.000000,-4424.965464,-1444.327396,4424.965464,1444.327396,1444.327396,-4424.965464,-1444.327396,4424.965464
0.000000,0.000000,-4423.411041,-1446.080296,4423.411041,1446.080296,1446.080296,-4423.411041,-1446.080296,4423.411041
0.000000,0.000000,-4421.854420,-1447.832478,4421.854420,1447.832478,1447.832478,-4421.854420,-1447.832478,4421.854420
0.000000,0.000000,-4420.295603,-1449.583942,4420.295603,1449.583942,1449.583942,-4420.295603,-1449.583942,4420.295603
0.000000,0.000000,-4418.734587,-1451.334685,4418.734587,1451.334685,1451.334685,-4418.734587,-1451.334685,4418.734587
0.000000,0.000000,-4417.171372,-1453.084707,4417.171372,1453.084707,1453.084707,-4417.171372,-1453.084707,4417.171372
0.000000,0.000000,-4415.605958,-1454.834005,4415.605958,1454.834005,1454.834005,-4415.605958,-1454.834005,4415.605958
0.000000,0.000000,-4414.038345,-1456.582580,4414.038345,1456.582580,1456.582580,-4414.038345,-1456.582580,4414.038345
0.000000,0.000000,-4412.468531,-1458.330429,4412.468531,1458.330429,1458.330429,-4412.468531,-1458.330429,4412.468531
0.000000,0.000000,-4410.896516,-1460.077551,4410.896516,1460.077551,1460.077551,-4410.896516,-1460.077551,4410.896516
0.000000,0.000000,-4409.322299,-1461.823945,4409.322299,1461.823945,1461.823945,-4409.322299,-1461.823945,4409.322299
0.000000,0.000000,-4407.745881,-1463.569609,4407.745881,1463.569609,1463.569609,-4407.745881,-1463.569609,4407.745881
0.000000,0.000000,-4406.167260,-1465.314543,4406.167260,1465.314543,1465.314543,-4406.167260,-1465.314543,4406.167260
0.000000,0.000000,-4404.586436,-1467.058745,4404.586436,1467.058745,1467.058745,-4404.586436,-1467.058745,4404.586436
0.000000,0.000000,-4403.003408,-1468.802213,4403.003408,1468.802213,1468.802213,-4403.003408,-1468.802213,4403.003408
0.000000,0.000000,-4401.418176,-1470.544946,4401.418176,1470.544946,1470.544946,-4401.418176,-1470.544946,4401.418176
0.000000,0.000000,-4399.830740,-1472.286944,4399.830740,1472.286944,1472.286944,-4399.830740,-1472.286944,4399.830740
0.000000,0.000000,-4398.241097,-1474.028204,4398.241097,1474.028204,1474.028204,-4398.241097,-1474.028204,4398.241097
0.000000,0.000000,-4396.649249,-1475.768725,4396.649249,1475.768725,1475.768725,-4396.649249,-1475.768725,4396.649249
0.000000,0.000000,-4395.055195,-1477.508506,4395.055195,1477.508506,1477.508506,-4395.055195,-1477.508506,4395.055195
0.000000,0.000000,-4393.458933,-1479.247546,4393.458933,1479.247546,1479.247546,-4393.458933,-1479.247546,4393.458933
0.000000,0.000000,-4391.860464,-1480.985843,4391.860464,1480.985843,1480.985843,-4391.860464,-1480.985843,4391.860464
0.000000,0.000000,-4390.259786,-1482.723396,4390.259786,1482.723396,1482.723396,-4390.259786,-1482.723396,4390.259786
0.000000,0.000000,-4388.656900,-1484.460203,4388.656900,1484.460203,1484.460203,-4388.656900,-1484.460203,4388.656900
0.000000,0.000000,-4387.051804,-1486.196264,4387.051804,1486.196264,1486.196264,-4387.051804,-1486.196264,4387.051804
0.000000,0.000000,-4385.444499,-1487.931577,4385.444499,1487.931577,1487.931577,-4385.444499,-1487.931577,4385.444499
0.000000,0.000000,-4383.834983,-1489.666140,4383.834983,1489.666140,1489.666140,-4383.834983,-1489.666140,4383.834983
0.000000,0.000000,-4382.223255,-1491.399953,4382.223255,1491.399953,1491.399953,-4382.223255,-1491.399953,4382.223255
0.000000,0.000000,-4380.609317,-1493.133013,4380.609317,1493.133013,1493.133013,-4380.609317,-1493.133013,4380.609317
0.000000,0.000000,-4378.993166,-1494.865320,4378.993166,1494.865320,1494.865320,-4378.993166,-1494.865320,4378.993166
0.000000,0.000000,-4377.374802,-1496.596873,4377.374802,1496.596873,1496.596873,-4377.374802,-1496.596873,4377.374802
0.000000,0.000000,-4375.754225,-1498.327669,4375.754225,1498.327669,1498.327669,-4375.754225,-1498.327669,4375.754225
0.000000,0.000000,-4374.131434,-1500.057707,4374.131434,1500.057707,1500.057707,-4374.131434,-1500.057707,4374.131434
0.000000,0.000000,-4372.506428,-1501.786987,4372.506428,1501.786987,1501.786987,-4372.506428,-1501.786987,4372.506428
0.000000,0.000000,-4370.879208,-1503.515506,4370.879208,1503.515506,1503.515506,-4370.879208,-1503.515506,4370.879208
0.000000,0.000000,-4369.249772,-1505.243264,4369.249772,1505.243264,1505.243264,-4369.249772,-1505.243264,4369.249772
0.000000,0.000000,-4367.618119,-1506.970259,4367.618119,1506.970259,1506.970259,-4367.618119,-1506.970259,4367.618119
0.000000,0.000000,-4365.984250,-1508.696490,4365.984250,1508.696490,1508.696490,-4365.984250,-1508.696490,4365.984250
0.000000,0.000000,-4364.348163,-1510.421955,4364.348163,1510.421955,1510.421955,-4364.348163,-1510.421955,4364.348163
0.000000,0.000000,-4362.709858,-1512.146653,4362.709858,1512.146653,1512.146653,-4362.709858,-1512.146653,4362.709858
0.000000,0.000000,-4361.069335,-1513.870583,4361.069335,1513.870583,1513.870583,-4361.069335,-1513.870583,4361.069335
0.000000,0.000000,-4359.426592,-1515.593742,4359.426592,1515.593742,1515.593742,-4359.426592,-1515.593742,4359.426592
0.000000,0.000000,-4357.781630,-1517.316131,4357.781630,1517.316131,1517.316131,-4357.781630,-1517.316131,4357.781630
0.000000,0.000000,-4356.134447,-1519.037747,4356.134447,1519.037747,1519.037747,-4356.134447,-1519.037747,4356.134447
0.000000,0.000000,-4354.485044,-1520.758590,4354.485044,1520.758590,1520.758590,-4354.485044,-1520.758590,4354.485044
0.000000,0.000000,-4352.833419,-1522.478657,4352.833419,1522.478657,1522.478657,-4352.833419,-1522.478657,4352.833419
0.000000,0.000000,-4351.179572,-1524.197947,4351.179572,1524.197947,1524.197947,-4351.179572,-1524.197947,4351.179572
0.000000,0.000000,-4349.523502,-1525.916460,4349.523502,1525.916460,1525.916460,-4349.523502,-1525.916460,4349.523502
0.000000,0.000000,-4347.865209,-1527.634193,4347.865209,1527.634193,1527.634193,-4347.865209,-1527.634193,4347.865209
0.000000,0.000000,-4346.204692,-1529.351145,4346.204692,1529.351145,1529.351145,-4346.204692,-1529.351145,4346.204692
0.000000,0.000000,-4344.541950,-1531.067315,4344.541950,1531.067315,1531.067315,-4344.541950,-1531.067315,4344.541950
0.000000,0.000000,-4342.876984,-1532.782701,4342.876984,1532.782701,1532.782701,-4342.876984,-1532.782701,4342.876984
0.000000,0.000000,-4341.209791,-1534.497303,4341.209791,1534.497303,1534.497303,-4341.209791,-1534.497303,4341.209791
0.000000,0.000000,-4339.540373,-1536.211118,4339.540373,1536.211118,1536.211118,-4339.540373,-1536.211118,4339.540373
0.000000,0.000000,-4337.868727,-1537.924146,4337.868727,1537.924146,1537.924146,-4337.868727,-1537.924146,4337.868727
0.000000,0.000000,-4336.194855,-1539.636384,4336.194855,1539.636384,1539.636384,-4336.194855,-1539.636384,4336.194855
0.000000,0.000000,-4334.518754,-1541.347832,4334.518754,1541.347832,1541.347832,-4334.518754,-1541.347832,4334.518754
0.000000,0.000000,-4332.840424,-1543.058488,4332.840424,1543.058488,1543.058488,-4332.840424,-1543.058488,4332.840424
0.000000,0.000000,-4331.159866,-1544.768351,4331.159866,1544.768351,1544.768351,-4331.159866,-1544.768351,4331.159866
0.000000,0.000000,-4329.477077,-1546.477419,4329.477077,1546.477419,1546.477419,-4329.477077,-1546.477419,4329.477077
0.000000,0.000000,-4327.792058,-1548.185691,4327.792058,1548.185691,1548.185691,-4327.792058,-1548.185691,4327.792058
0.000000,0.000000,-4326.104808,-1549.893165,4326.104808,1549.893165,1549.893165,-4326.104808,-1549.893165,4326.104808
0.000000,0.000000,-4324.415326,-1551.599840,4324.415326,1551.599840,1551.599840,-4324.415326,-1551.599840,4324.415326
0.000000,0.000000,-4322.723612,-1553.305715,4322.723612,1553.305715,1553.305715,-4322.723612,-1553.305715,4322.723612
0.000000,0.000000,-4321.029665,-1555.010788,4321.029665,1555.010788,1555.010788,-4321.029665,-1555.010788,4321.029665
0.000000,0.000000,-4319.333484,-1556.715059,4319.333484,1556.715059,1556.715059,-4319.333484,-1556.715059,4319.333484
0.000000,0.000000,-4317.635069,-1558.418524,4317.635069,1558.418524,1558.418524,-4317.635069,-1558.418524,4317.635069
0.000000,0.000000,-4315.934420,-1560.121184,4315.934420,1560.121184,1560.121184,-4315.934420,-1560.121184,4315.934420
0.000000,0.000000,-4314.231536,-1561.823036,4314.231536,1561.823036,1561.823036,-4314.231536,-1561.823036,4314.231536
0.000000,0.000000,-4312.526415,-1563.524079,4312.526415,1563.524079,1563.524079,-4312.526415,-1563.524079,4312.526415
0.000000,0.000000,-4310.819058,-1565.224312,4310.819058,1565.224312,1565.224312,-4310.819058,-1565.224312,4310.819058
0.000000,0.000000,-4309.109464,-1566.923733,4309.109464,1566.923733,1566.923733,-4309.109464,-1566.923733,4309.109464
0.000000,0.000000,-4307.397631,-1568.622341,4307.397631,1568.622341,1568.622341,-4307.397631,-1568.622341,4307.397631
0.000000,0.000000,-4305.683561,-1570.320135,4305.683561,1570.320135,1570.320135,-4305.683561,-1570.320135,4305.683561
0.000000,0.000000,-4303.967252,-1572.017113,4303.967252,1572.017113,1572.017113,-4303.967252,-1572.017113,4303.967252
0.000000,0.000000,-4302.248703,-1573.713273,4302.248703,1573.713273,1573.713273,-4302.248703,-1573.713273,4302.248703
0.000000,0.000000,-4300.527913,-1575.408614,4300.527913,1575.408614,1575.408614,-4300.527913,-1575.408614,4300.527913
0.000000,0.000000,-4298.804883,-1577.103135,4298.804883,1577.103135,1577.103135,-4298.804883,-1577.103135,4298.804883
0.000000,0.000000,-4297.079611,-1578.796834,4297.079611,1578.796834,1578.796834,-4297.079611,-1578.796834,4297.079611
0.000000,0.000000,-4295.352098,-1580.489711,4295.352098,1580.489711,1580.489711,-4295.352098,-1580.489711,4295.352098
0.000000,0.000000,-4293.622341,-1582.181762,4293.622341,1582.181762,1582.181762,-4293.622341,-1582.181762,4293.622341
0.000000,0.000000,-4291.890341,-1583.872988,4291.890341,1583.872988,1583.872988,-4291.890341,-1583.872988,4291.890341
0.000000,0.000000,-4290.156097,-1585.563386,4290.156097,1585.563386,1585.563386,-4290.156097,-1585.563386,4290.156097
0.000000,0.000000,-4288.419609,-1587.252955,4288.419609,1587.252955,1587.252955,-4288.419609,-1587.252955,4288.419609
0.000000,0.000000,-4286.680875,-1588.941693,4286.680875,1588.941693,1588.941693,-4286.680875,-1588.941693,4286.680875
0.000000,0.000000,-4284.939896,-1590.629600,4284.939896,1590.629600,1590.629600,-4284.939896,-1590.629600,4284.939896
0.000000,0.000000,-4283.196670,-1592.316674,4283.196670,1592.316674,1592.316674,-4283.196670,-1592.316674,4283.196670
0.000000,0.000000,-4281.451197,-1594.002912,4281.451197,1594.002912,1594.002912,-4281.451197,-1594.002912,4281.451197
0.000000,0.000000,-4279.703476,-1595.688315,4279.703476,1595.688315,1595.688315,-4279.703476,-1595.688315,4279.703476
0.000000,0.000000,-4277.953507,-1597.372880,4277.953507,1597.372880,1597.372880,-4277.953507,-1597.372880,4277.953507
0.000000,0.000000,-4276.201289,-1599.056605,4276.201289,1599.056605,1599.056605,-4276.201289,-1599.056605,4276.201289
0.000000,0.000000,-4274.446821,-1600.739490,4274.446821,1600.739490,1600.739490,-4274.446821,-1600.739490,4274.446821
0.000000,0.000000,-4272.690103,-1602.421533,4272.690103,1602.421533,1602.421533,-4272.690103,-1602.421533,4272.690103
0.000000,0.000000,-4270.931134,-1604.102733,4270.931134,1604.102733,1604.102733,-4270.931134,-1604.102733,4270.931134
0.000000,0.000000,-4269.169913,-1605.783087,4269.169913,1605.783087,1605.783087,-4269.169913,-1605.783087,4269.169913
0.000000,0.000000,-4267.406440,-1607.462595,4267.406440,1607.462595,1607.462595,-4267.406440,-1607.462595,4267.406440
0.000000,0.000000,-4265.640715,-1609.141255,4265.640715,1609.141255,1609.141255,-4265.640715,-1609.141255,4265.640715
0.000000,0.000000,-4263.872736,-1610.819065,4263.872736,1610.819065,1610.819065,-4263.872736,-1610.819065,4263.872736
0.000000,0.000000,-4262.102503,-1612.496024,4262.102503,1612.496024,1612.496024,-4262.102503,-1612.496024,4262.102503
0.000000,0.000000,-4260.330015,-1614.172131,4260.330015,1614.172131,1614.172131,-4260.330015,-1614.172131,4260.330015
0.000000,0.000000,-4258.555272,-1615.847385,4258.555272,1615.847385,1615.847385,-4258.555272,-1615.847385,4258.555272
0.000000,0.000000,-4256.778273,-1617.521782,4256.778273,1617.521782,1617.521782,-4256.778273,-1617.521782,4256.778273
0.000000,0.000000,-4254.999017,-1619.195323,4254.999017,1619.195323,1619.195323,-4254.999017,-1619.195323,4254.999017
0.000000,0.000000,-4253.217504,-1620.868006,4253.217504,1620.868006,1620.868006,-4253.217504,-1620.868006,4253.217504
0.000000,0.000000,-4251.433732,-1622.539828,4251.433732,1622.539828,1622.539828,-4251.433732,-1622.539828,4251.433732
0.000000,0.000000,-4249.647703,-1624.210789,4249.647703,1624.210789,1624.210789,-4249.647703,-1624.210789,4249.647703
0.000000,0.000000,-4247.859414,-1625.880888,4247.859414,1625.880888,1625.880888,-4247.859414,-1625.880888,4247.859414
0.000000,0.000000,-4246.068865,-1627.550122,4246.068865,1627.550122,1627.550122,-4246.068865,-1627.550122,4246.068865
0.000000,0.000000,-4244.276056,-1629.218490,4244.276056,1629.218490,1629.218490,-4244.276056,-1629.218490,4244.276056
0.000000,0.000000,-4242.480985,-1630.885991,4242.480985,1630.885991,1630.885991,-4242.480985,-1630.885991,4242.480985
0.000000,0.000000,-4240.683653,-1632.552623,4240.683653,1632.552623,1632.552623,-4240.683653,-1632.552623,4240.683653
0.000000,0.000000,-4238.884058,-1634.218385,4238.884058,1634.218385,1634.218385,-4238.884058,-1634.218385,4238.884058
0.000000,0.000000,-4237.082199,-1635.883274,4237.082199,1635.883274,1635.883274,-4237.082199,-1635.883274,4237.082199
0.000000,0.000000,-4235.278078,-1637.547291,4235.278078,1637.547291,1637.547291,-4235.278078,-1637.547291,4235.278078
0.000000,0.000000,-4233.471691,-1639.210432,4233.471691,1639.210432,1639.210432,-4233.471691,-1639.210432,4233.471691
0.000000,0.000000,-4231.663040,-1640.872697,4231.663040,1640.872697,1640.872697,-4231.663040,-1640.872697,4231.663040
0.000000,0.000000,-4229.852123,-1642.534084,4229.852123,1642.534084,1642.534084,-4229.852123,-1642.534084,4229.852123
0.000000,0.000000,-4228.038939,-1644.194592,4228.038939,1644.194592,1644.194592,-4228.038939,-1644.194592,4228.038939
0.000000,0.000000,-4226.223488,-1645.854218,4226.223488,1645.854218,1645.854218,-4226.223488,-1645.854218,4226.223488
0.000000,0.000000,-4224.405770,-1647.512962,4224.405770,1647.512962,1647.512962,-4224.405770,-1647.512962,4224.405770
0.000000,0.000000,-4222.585783,-1649.170822,4222.585783,1649.170822,1649.170822,-4222.585783,-1649.170822,4222.585783
0.000000,0.000000,-4220.763527,-1650.827797,4220.763527,1650.827797,1650.827797,-4220.763527,-1650.827797,4220.763527
0.000000,0.000000,-4218.939001,-1652.483884,4218.939001,1652.483884,1652.483884,-4218.939001,-1652.483884,4218.939001
0.000000,0.000000,-4217.112205,-1654.139083,4217.112205,1654.139083,1654.139083,-4217.112205,-1654.139083,4217.112205
0.000000,0.000000,-4215.283138,-1655.793391,4215.283138,1655.793391,1655.793391,-4215.283138,-1655.793391,4215.283138
0.000000,0.000000,-4213.451799,-1657.446808,4213.451799,1657.446808,1657.446808,-4213.451799,-1657.446808,4213.451799
0.000000,0.000000,-4211.618187,-1659.099332,4211.618187,1659.099332,1659.099332,-4211.618187,-1659.099332,4211.618187
0.000000,0.000000,-4209.782303,-1660.750960,4209.782303,1660.750960,1660.750960,-4209.782303,-1660.750960,4209.782303
0.000000,0.000000,-4207.944145,-1662.401693,4207.944145,1662.401693,1662.401693,-4207.944145,-1662.401693,4207.944145
0.000000,0.000000,-4206.103712,-1664.051527,4206.103712,1664.051527,1664.051527,-4206.103712,-1664.051527,4206.103712
0.000000,0.000000,-4204.261005,-1665.700462,4204.261005,1665.700462,1665.700462,-4204.261005,-1665.700462,4204.261005
0.000000,0.000000,-4202.416021,-1667.348496,4202.416021,1667.348496,1667.348496,-4202.416021,-1667.348496,4202.416021
0.000000,0.000000,-4200.568761,-1668.995628,4200.568761,1668.995628,1668.995628,-4200.568761,-1668.995628,4200.568761
0.000000,0.000000,-4198.719224,-1670.641855,4198.719224,1670.641855,1670.641855,-4198.719224,-1670.641855,4198.719224
0.000000,0.000000,-4196.867410,-1672.287177,4196.867410,1672.287177,1672.287177,-4196.867410,-1672.287177,4196.867410
0.000000,0.000000,-4195.013316,-1673.931592,4195.013316,1673.931592,1673.931592,-4195.013316,-1673.931592,4195.013316
0.000000,0.000000,-4193.156944,-1675.575097,4193.156944,1675.575097,1675.575097,-4193.156944,-1675.575097,4193.156944
0.000000,0.000000,-4191.298292,-1677.217693,4191.298292,1677.217693,1677.217693,-4191.298292,-1677.217693,4191.298292
0.000000,0.000000,-4189.437359,-1678.859376,4189.437359,1678.859376,1678.859376,-4189.437359,-1678.859376,4189.437359
0.000000,0.000000,-4187.574146,-1680.500146,4187.574146,1680.500146,1680.500146,-4187.574146,-1680.500146,4187.574146
0.000000,0.000000,-4185.708650,-1682.140001,4185.708650,1682.140001,1682.140001,-4185.708650,-1682.140001,4185.708650
0.000000,0.000000,-4183.840872,-1683.778939,4183.840872,1683.778939,1683.778939,-4183.840872,-1683.778939,4183.840872
0.000000,0.000000,-4181.970811,-1685.416959,4181.970811,1685.416959,1685.416959,-4181.970811,-1685.416959,4181.970811
0.000000,0.000000,-4180.098465,-1687.054059,4180.098465,1687.054059,1687.054059,-4180.098465,-1687.054059,4180.098465
0.000000,0.000000,-4178.223835,-1688.690238,4178.223835,1688.690238,1688.690238,-4178.223835,-1688.690238,4178.223835
0.000000,0.000000,-4176.346920,-1690.325494,4176.346920,1690.325494,1690.325494,-4176.346920,-1690.325494,4176.346920
0.000000,0.000000,-4174.467719,-1691.959825,4174.467719,1691.959825,1691.959825,-4174.467719,-1691.959825,4174.467719
0.000000,0.000000,-4172.586232,-1693.593231,4172.586232,1693.593231,1693.593231,-4172.586232,-1693.593231,4172.586232
0.000000,0.000000,-4170.702457,-1695.225708,4170.702457,1695.225708,1695.225708,-4170.702457,-1695.225708,4170.702457
0.000000,0.000000,-4168.816393,-1696.857256,4168.816393,1696.857256,1696.857256,-4168.816393,-1696.857256,4168.816393
0.000000,0.000000,-4166.928042,-1698.487873,4166.928042,1698.487873,1698.487873,-4166.928042,-1698.487873,4166.928042
0.000000,0.000000,-4165.037400,-1700.117558,4165.037400,1700.117558,1700.117558,-4165.037400,-1700.117558,4165.037400
0.000000,0.000000,-4163.144469,-1701.746308,4163.144469,1701.746308,1701.746308,-4163.144469,-1701.746308,4163.144469
0.000000,0.000000,-4161.249247,-1703.374123,4161.249247,1703.374123,1703.374123,-4161.249247,-1703.374123,4161.249247
0.000000,0.000000,-4159.351733,-1705.001000,4159.351733,1705.001000,1705.001000,-4159.351733,-1705.001000,4159.351733
0.000000,0.000000,-4157.451928,-1706.626939,4157.451928,1706.626939,1706.626939,-4157.451928,-1706.626939,4157.451928
0.000000,0.000000,-4155.549829,-1708.251937,4155.549829,1708.251937,1708.251937,-4155.549829,-1708.251937,4155.549829
0.000000,0.000000,-4153.645437,-1709.875992,4153.645437,1709.875992,1709.875992,-4153.645437,-1709.875992,4153.645437
0.000000,0.000000,-4151.738750,-1711.499104,4151.738750,1711.499104,1711.499104,-4151.738750,-1711.499104,4151.738750
0.000000,0.000000,-4149.829768,-1713.121271,4149.829768,1713.121271,1713.121271,-4149.829768,-1713.121271,4149.829768
0.000000,0.000000,-4147.918491,-1714.742490,4147.918491,1714.742490,1714.742490,-4147.918491,-1714.742490,4147.918491
0.000000,0.000000,-4146.004918,-1716.362761,4146.004918,1716.362761,1716.362761,-4146.004918,-1716.362761,4146.004918
0.000000,0.000000,-4144.089047,-1717.982081,4144.089047,1717.982081,1717.982081,-4144.089047,-1717.982081,4144.089047
0.000000,0.000000,-4142.170878,-1719.600450,4142.170878,1719.600450,1719.600450,-4142.170878,-1719.600450,4142.170878
0.000000,0.000000,-4140.250411,-1721.217865,4140.250411,1721.217865,1721.217865,-4140.250411,-1721.217865,4140.250411
0.000000,0.000000,-4138.327645,-1722.834325,4138.327645,1722.834325,1722.834325,-4138.327645,-1722.834325,4138.327645
0.000000,0.000000,-4136.402579,-1724.449828,4136.402579,1724.449828,1724.449828,-4136.402579,-1724.449828,4136.402579
0.000000,0.000000,-4134.475212,-1726.064373,4134.475212,1726.064373,1726.064373,-4134.475212,-1726.064373,4134.475212
0.000000,0.000000,-4132.545544,-1727.677957,4132.545544,1727.677957,1727.677957,-4132.545544,-1727.677957,4132.545544
0.000000,0.000000,-4130.613574,-1729.290580,4130.613574,1729.290580,1729.290580,-4130.613574,-1729.290580,4130.613574
0.000000,0.000000,-4128.679301,-1730.902239,4128.679301,1730.902239,1730.902239,-4128.679301,-1730.902239,4128.679301
0.000000,0.000000,-4126.742724,-1732.512934,4126.742724,1732.512934,1732.512934,-4126.742724,-1732.512934,4126.742724
0.000000,0.000000,-4124.803844,-1734.122662,4124.803844,1734.122662,1734.122662,-4124.803844,-1734.122662,4124.803844
0.000000,0.000000,-4122.862658,-1735.731421,4122.862658,1735.731421,1735.731421,-4122.862658,-1735.731421,4122.862658
0.000000,0.000000,-4120.919167,-1737.339210,4120.919167,1737.339210,1737.339210,-4120.919167,-1737.339210,4120.919167
0.000000,0.000000,-4118.973370,-1738.946028,4118.973370,1738.946028,1738.946028,-4118.973370,-1738.946028,4118.973370
0.000000,0.000000,-4117.025265,-1740.551872,4117.025265,1740.551872,1740.551872,-4117.025265,-1740.551872,4117.025265
0.000000,0.000000,-4115.074853,-1742.156742,4115.074853,1742.156742,1742.156742,-4115.074853,-1742.156742,4115.074853
0.000000,0.000000,-4113.122132,-1743.760635,4113.122132,1743.760635,1743.760635,-4113.122132,-1743.760635,4113.122132
0.000000,0.000000,-4111.167102,-1745.363549,4111.167102,1745.363549,1745.363549,-4111.167102,-1745.363549,4111.167102
0.000000,0.000000,-4109.209762,-1746.965484,4109.209762,1746.965484,1746.965484,-4109.209762,-1746.965484,4109.209762
0.000000,0.000000,-4107.250111,-1748.566436,4107.250111,1748.566436,1748.566436,-4107.250111,-1748.566436,4107.250111
0.000000,0.000000,-4105.288149,-1750.166406,4105.288149,1750.166406,1750.166406,-4105.288149,-1750.166406,4105.288149
0.000000,0.000000,-4103.323875,-1751.765390,4103.323875,1751.765390,1751.765390,-4103.323875,-1751.765390,4103.323875
0.000000,0.000000,-4101.357288,-1753.363388,4101.357288,1753.363388,1753.363388,-4101.357288,-1753.363388,4101.357288
0.000000,0.000000,-4099.388388,-1754.960398,4099.388388,1754.960398,1754.960398,-4099.388388,-1754.960398,4099.388388
0.000000,0.000000,-4097.417173,-1756.556417,4097.417173,1756.556417,1756.556417,-4097.417173,-1756.556417,4097.417173
0.000000,0.000000,-4095.443643,-1758.151445,4095.443643,1758.151445,1758.151445,-4095.443643,-1758.151445,4095.443643
0.000000,0.000000,-4093.467798,-1759.745479,4093.467798,1759.745479,1759.745479,-4093.467798,-1759.745479,4093.467798
0.000000,0.000000,-4091.489636,-1761.338518,4091.489636,1761.338518,1761.338518,-4091.489636,-1761.338518,4091.489636
0.000000,0.000000,-4089.509157,-1762.930560,4089.509157,1762.930560,1762.930560,-4089.509157,-1762.930560,4089.509157
0.000000,0.000000,-4087.526359,-1764.521604,4087.526359,1764.521604,1764.521604,-4087.526359,-1764.521604,4087.526359
0.000000,0.000000,-4085.541243,-1766.111647,4085.541243,1766.111647,1766.111647,-4085.541243,-1766.111647,4085.541243
0.000000,0.000000,-4083.553808,-1767.700688,4083.553808,1767.700688,1767.700688,-4083.553808,-1767.700688,4083.553808
0.000000,0.000000,-4081.564053,-1769.288726,4081.564053,1769.288726,1769.288726,-4081.564053,-1769.288726,4081.564053
0.000000,0.000000,-4079.571976,-1770.875759,4079.571976,1770.875759,1770.875759,-4079.571976,-1770.875759,4079.571976
0.000000,0.000000,-4077.577578,-1772.461784,4077.577578,1772.461784,1772.461784,-4077.577578,-1772.461784,4077.577578
0.000000,0.000000,-4075.580858,-1774.046800,4075.580858,1774.046800,1774.046800,-4075.580858,-1774.046800,4075.580858
0.000000,0.000000,-4073.581814,-1775.630806,4073.581814,1775.630806,1775.630806,-4073.581814,-1775.630806,4073.581814
0.000000,0.000000,-4071.580447,-1777.213800,4071.580447,1777.213800,1777.213800,-4071.580447,-1777.213800,4071.580447
0.000000,0.000000,-4069.576755,-1778.795780,4069.576755,1778.795780,1778.795780,-4069.576755,-1778.795780,4069.576755
0.000000,0.000000,-4067.570738,-1780.376744,4067.570738,1780.376744,1780.376744,-4067.570738,-1780.376744,4067.570738
0.000000,0.000000,-4065.562395,-1781.956691,4065.562395,1781.956691,1781.956691,-4065.562395,-1781.956691,4065.562395
0.000000,0.000000,-4063.551724,-1783.535618,4063.551724,1783.535618,1783.535618,-4063.551724,-1783.535618,4063.551724
0.000000,0.000000,-4061.538727,-1785.113525,4061.538727,1785.113525,1785.113525,-4061.538727,-1785.113525,4061.538727
0.000000,0.000000,-4059.523401,-1786.690409,4059.523401,1786.690409,1786.690409,-4059.523401,-1786.690409,4059.523401
0.000000,0.000000,-4057.505745,-1788.266268,4057.505745,1788.266268,1788.266268,-4057.505745,-1788.266268,4057.505745
0.000000,0.000000,-4055.485760,-1789.841102,4055.485760,1789.841102,1789.841102,-4055.485760,-1789.841102,4055.485760
0.000000,0.000000,-4053.463445,-1791.414907,4053.463445,1791.414907,1791.414907,-4053.463445,-1791.414907,4053.463445
0.000000,0.000000,-4051.438798,-1792.987683,4051.438798,1792.987683,1792.987683,-4051.438798,-1792.987683,4051.438798
0.000000,0.000000,-4049.411819,-1794.559428,4049.411819,1794.559428,1794.559428,-4049.411819,-1794.559428,4049.411819
0.000000,0.000000,-4047.382507,-1796.130139,4047.382507,1796.130139,1796.130139,-4047.382507,-1796.130139,4047.382507
0.000000,0.000000,-4045.350861,-1797.699816,4045.350861,1797.699816,1797.699816,-4045.350861,-1797.699816,4045.350861
0.000000,0.000000,-4043.316882,-1799.268456,4043.316882,1799.268456,1799.268456,-4043.316882,-1799.268456,4043.316882
0.000000,0.000000,-4041.280567,-1800.836057,4041.280567,1800.836057,1800.836057,-4041.280567,-1800.836057,4041.280567
0.000000,0.000000,-4039.241916,-1802.402619,4039.241916,1802.402619,1802.402619,-4039.241916,-1802.402619,4039.241916
0.000000,0.000000,-4037.200929,-1803.968138,4037.200929,1803.968138,1803.968138,-4037.200929,-1803.968138,4037.200929
0.000000,0.000000,-4035.157604,-1805.532614,4035.157604,1805.532614,1805.532614,-4035.157604,-1805.532614,4035.157604
0.000000,0.000000,-4033.111941,-1807.096044,4033.111941,1807.096044,1807.096044,-4033.111941,-1807.096044,4033.111941
0.000000,0.000000,-4031.063939,-1808.658427,4031.063939,1808.658427,1808.658427,-4031.063939,-1808.658427,4031.063939
0.000000,0.000000,-4029.013597,-1810.219761,4029.013597,1810.219761,1810.219761,-4029.013597,-1810.219761,4029.013597
0.000000,0.000000,-4026.960915,-1811.780044,4026.960915,1811.780044,1811.780044,-4026.960915,-1811.780044,4026.960915
0.000000,0.000000,-4024.905892,-1813.339275,4024.905892,1813.339275,1813.339275,-4024.905892,-1813.339275,4024.905892
0.000000,0.000000,-4022.848527,-1814.897451,4022.848527,1814.897451,1814.897451,-4022.848527,-1814.897451,4022.848527
0.000000,0.000000,-4020.788819,-1816.454571,4020.788819,1816.454571,1816.454571,-4020.788819,-1816.454571,4020.788819
0.000000,0.000000,-4018.726768,-1818.010632,4018.726768,1818.010632,1818.010632,-4018.726768,-1818.010632,4018.726768
0.000000,0.000000,-4016.662372,-1819.565635,4016.662372,1819.565635,1819.565635,-4016.662372,-1819.565635,4016.662372
0.000000,0.000000,-4014.595631,-1821.119575,4014.595631,1821.119575,1821.119575,-4014.595631,-1821.119575,4014.595631
0.000000,0.000000,-4012.526544,-1822.672452,4012.526544,1822.672452,1822.672452,-4012.526544,-1822.672452,4012.526544
0.000000,0.000000,-4010.455111,-1824.224264,4010.455111,1824.224264,1824.224264,-4010.455111,-1824.224264,4010.455111
0.000000,0.000000,-4008.381331,-1825.775009,4008.381331,1825.775009,1825.775009,-4008.381331,-1825.775009,4008.381331
0.000000,0.000000,-4006.305202,-1827.324685,4006.305202,1827.324685,1827.324685,-4006.305202,-1827.324685,4006.305202
0.000000,0.000000,-4004.226724,-1828.873290,4004.226724,1828.873290,1828.873290,-4004.226724,-1828.873290,4004.226724
0.000000,0.000000,-4002.145897,-1830.420823,4002.145897,1830.420823,1830.420823,-4002.145897,-1830.420823,4002.145897
0.000000,0.000000,-4000.062719,-1831.967282,4000.062719,1831.967282,1831.967282,-4000.062719,-1831.967282,4000.062719
0.000000,0.000000,-3997.977190,-1833.512664,3997.977190,1833.512664,1833.512664,-3997.977190,-1833.512664,3997.977190
0.000000,0.000000,-3995.889308,-1835.056969,3995.889308,1835.056969,1835.056969,-3995.889308,-1835.056969,3995.889308
0.000000,0.000000,-3993.799074,-1836.600194,3993.799074,1836.600194,1836.600194,-3993.799074,-1836.600194,3993.799074
0.000000,0.000000,-3991.706487,-1838.142337,3991.706487,1838.142337,1838.142337,-3991.706487,-1838.142337,3991.706487
0.000000,0.000000,-3989.611545,-1839.683397,3989.611545,1839.683397,1839.683397,-3989.611545,-1839.683397,3989.611545
0.000000,0.000000,-3987.514247,-1841.223371,3987.514247,1841.223371,1841.223371,-3987.514247,-1841.223371,3987.514247
0.000000,0.000000,-3985.414594,-1842.762258,3985.414594,1842.762258,1842.762258,-3985.414594,-1842.762258,3985.414594
0.000000,0.000000,-3983.312584,-1844.300057,3983.312584,1844.300057,1844.300057,-3983.312584,-1844.300057,3983.312584
0.000000,0.000000,-3981.208217,-1845.836764,3981.208217,1845.836764,1845.836764,-3981.208217,-1845.836764,3981.208217
0.000000,0.000000,-3979.101491,-1847.372379,3979.101491,1847.372379,1847.372379,-3979.101491,-1847.372379,3979.101491
0.000000,0.000000,-3976.992406,-1848.906900,3976.992406,1848.906900,1848.906900,-3976.992406,-1848.906900,3976.992406
0.000000,0.000000,-3974.880961,-1850.440324,3974.880961,1850.440324,1850.440324,-3974.880961,-1850.440324,3974.880961
0.000000,0.000000,-3972.767155,-1851.972649,3972.767155,1851.972649,1851.972649,-3972.767155,-1851.972649,3972.767155
0.000000,0.000000,-3970.650988,-1853.503875,3970.650988,1853.503875,1853.503875,-3970.650988,-1853.503875,3970.650988
0.000000,0.000000,-3968.532458,-1855.033999,3968.532458,1855.033999,1855.033999,-3968.532458,-1855.033999,3968.532458
0.000000,0.000000,-3966.411566,-1856.563019,3966.411566,1856.563019,1856.563019,-3966.411566,-1856.563019,3966.411566
0.000000,0.000000,-3964.288309,-1858.090933,3964.288309,1858.090933,1858.090933,-3964.288309,-1858.090933,3964.288309
0.000000,0.000000,-3962.162688,-1859.617739,3962.162688,1859.617739,1859.617739,-3962.162688,-1859.617739,3962.162688
0.000000,0.000000,-3960.034702,-1861.143436,3960.034702,1861.143436,1861.143436,-3960.034702,-1861.143436,3960.034702
0.000000,0.000000,-3957.904349,-1862.668022,3957.904349,1862.668022,1862.668022,-3957.904349,-1862.668022,3957.904349
0.000000,0.000000,-3955.771629,-1864.191494,3955.771629,1864.191494,1864.191494,-3955.771629,-1864.191494,3955.771629
0.000000,0.000000,-3953.636541,-1865.713852,3953.636541,1865.713852,1865.713852,-3953.636541,-1865.713852,3953.636541
0.000000,0.000000,-3951.499084,-1867.235092,3951.499084,1867.235092,1867.235092,-3951.499084,-1867.235092,3951.499084
0.000000,0.000000,-3949.359258,-1868.755213,3949.359258,1868.755213,1868.755213,-3949.359258,-1868.755213,3949.359258
0.000000,0.000000,-3947.217061,-1870.274214,3947.217061,1870.274214,1870.274214,-3947.217061,-1870.274214,3947.217061
0.000000,0.000000,-3945.072494,-1871.792091,3945.072494,1871.792091,1871.792091,-3945.072494,-1871.792091,3945.072494
0.000000,0.000000,-3942.925554,-1873.308844,3942.925554,1873.308844,1873.308844,-3942.925554,-1873.308844,3942.925554
0.000000,0.000000,-3940.776242,-1874.824471,3940.776242,1874.824471,1874.824471,-3940.776242,-1874.824471,3940.776242
0.000000,0.000000,-3938.624556,-1876.338969,3938.624556,1876.338969,1876.338969,-3938.624556,-1876.338969,3938.624556
0.000000,0.000000,-3936.470496,-1877.852337,3936.470496,1877.852337,1877.852337,-3936.470496,-1877.852337,3936.470496
0.000000,0.000000,-3934.314061,-1879.364572,3934.314061,1879.364572,1879.364572,-3934.314061,-1879.364572,3934.314061
0.000000,0.000000,-3932.155249,-1880.875674,3932.155249,1880.875674,1880.875674,-3932.155249,-1880.875674,3932.155249
0.000000,0.000000,-3929.994061,-1882.385639,3929.994061,1882.385639,1882.385639,-3929.994061,-1882.385639,3929.994061
0.000000,0.000000,-3927.830495,-1883.894466,3927.830495,1883.894466,1883.894466,-3927.830495,-1883.894466,3927.830495
0.000000,0.000000,-3925.664551,-1885.402153,3925.664551,1885.402153,1885.402153,-3925.664551,-1885.402153,3925.664551
0.000000,0.000000,-3923.496228,-1886.908698,3923.496228,1886.908698,1886.908698,-3923.496228,-1886.908698,3923.496228
0.000000,0.000000,-3921.325524,-1888.414099,3921.325524,1888.414099,1888.414099,-3921.325524,-1888.414099,3921.325524
0.000000,0.000000,-3919.152440,-1889.918355,3919.152440,1889.918355,1889.918355,-3919.152440,-1889.918355,3919.152440
0.000000,0.000000,-3916.976974,-1891.421463,3916.976974,1891.421463,1891.421463,-3916.976974,-1891.421463,3916.976974
0.000000,0.000000,-3914.799125,-1892.923421,3914.799125,1892.923421,1892.923421,-3914.799125,-1892.923421,3914.799125
0.000000,0.000000,-3912.618893,-1894.424227,3912.618893,1894.424227,1894.424227,-3912.618893,-1894.424227,3912.618893
0.000000,0.000000,-3910.436277,-1895.923880,3910.436277,1895.923880,1895.923880,-3910.436277,-1895.923880,3910.436277
0.000000,0.000000,-3908.251275,-1897.422377,3908.251275,1897.422377,1897.422377,-3908.251275,-1897.422377,3908.251275
0.000000,0.000000,-3906.063888,-1898.919717,3906.063888,1898.919717,1898.919717,-3906.063888,-1898.919717,3906.063888
0.000000,0.000000,-3903.874115,-1900.415897,3903.874115,1900.415897,1900.415897,-3903.874115,-1900.415897,3903.874115
0.000000,0.000000,-3901.681953,-1901.910916,3901.681953,1901.910916,1901.910916,-3901.681953,-1901.910916,3901.681953
0.000000,0.000000,-3899.487404,-1903.404771,3899.487404,1903.404771,1903.404771,-3899.487404,-1903.404771,3899.487404
0.000000,0.000000,-3897.290465,-1904.897461,3897.290465,1904.897461,1904.897461,-3897.290465,-1904.897461,3897.290465
0.000000,0.000000,-3895.091136,-1906.388984,3895.091136,1906.388984,1906.388984,-3895.091136,-1906.388984,3895.091136
0.000000,0.000000,-3892.889417,-1907.879337,3892.889417,1907.879337,1907.879337,-3892.889417,-1907.879337,3892.889417
0.000000,0.000000,-3890.685306,-1909.368519,3890.685306,1909.368519,1909.368519,-3890.685306,-1909.368519,3890.685306
0.000000,0.000000,-3888.478802,-1910.856527,3888.478802,1910.856527,1910.856527,-3888.478802,-1910.856527,3888.478802
0.000000,0.000000,-3886.269905,-1912.343360,3886.269905,1912.343360,1912.343360,-3886.269905,-1912.343360,3886.269905
0.000000,0.000000,-3884.058614,-1913.829016,3884.058614,1913.829016,1913.829016,-3884.058614,-1913.829016,3884.058614
0.000000,0.000000,-3881.844928,-1915.313493,3881.844928,1915.313493,1915.313493,-3881.844928,-1915.313493,3881.844928
0.000000,0.000000,-3879.628846,-1916.796788,3879.628846,1916.796788,1916.796788,-3879.628846,-1916.796788,3879.628846
0.000000,0.000000,-3877.410367,-1918.278900,3877.410367,1918.278900,1918.278900,-3877.410367,-1918.278900,3877.410367
0.000000,0.000000,-3875.189491,-1919.759827,3875.189491,1919.759827,1919.759827,-3875.189491,-1919.759827,3875.189491
0.000000,0.000000,-3872.966216,-1921.239566,3872.966216,1921.239566,1921.239566,-3872.966216,-1921.239566,3872.966216
0.000000,0.000000,-3870.740543,-1922.718116,3870.740543,1922.718116,1922.718116,-3870.740543,-1922.718116,3870.740543
0.000000,0.000000,-3868.512469,-1924.195474,3868.512469,1924.195474,1924.195474,-3868.512469,-1924.195474,3868.512469
0.000000,0.000000,-3866.281994,-1925.671639,3866.281994,1925.671639,1925.671639,-3866.281994,-1925.671639,3866.281994
0.000000,0.000000,-3864.049118,-1927.146609,3864.049118,1927.146609,1927.146609,-3864.049118,-1927.146609,3864.049118
0.000000,0.000000,-3861.813838,-1928.620381,3861.813838,1928.620381,1928.620381,-3861.813838,-1928.620381,3861.813838
0.000000,0.000000,-3859.576156,-1930.092954,3859.576156,1930.092954,1930.092954,-3859.576156,-1930.092954,3859.576156
0.000000,0.000000,-3857.336069,-1931.564325,3857.336069,1931.564325,1931.564325,-3857.336069,-1931.564325,3857.336069
0.000000,0.000000,-3855.093577,-1933.034492,3855.093577,1933.034492,1933.034492,-3855.093577,-1933.034492,3855.093577
0.000000,0.000000,-3852.848679,-1934.503454,3852.848679,1934.503454,1934.503454,-3852.848679,-1934.503454,3852.848679
0.000000,0.000000,-3850.601374,-1935.971208,3850.601374,1935.971208,1935.971208,-3850.601374,-1935.971208,3850.601374
0.000000,0.000000,-3848.351661,-1937.437753,3848.351661,1937.437753,1937.437753,-3848.351661,-1937.437753,3848.351661
0.000000,0.000000,-3846.099540,-1938.903086,3846.099540,1938.903086,1938.903086,-3846.099540,-1938.903086,3846.099540
0.000000,0.000000,-3843.845010,-1940.367205,3843.845010,1940.367205,1940.367205,-3843.845010,-1940.367205,3843.845010
0.000000,0.000000,-3841.588069,-1941.830108,3841.588069,1941.830108,1941.830108,-3841.588069,-1941.830108,3841.588069
0.000000,0.000000,-3839.328717,-1943.291793,3839.328717,1943.291793,1943.291793,-3839.328717,-1943.291793,3839.328717
0.000000,0.000000,-3837.066953,-1944.752258,3837.066953,1944.752258,1944.752258,-3837.066953,-1944.752258,3837.066953
0.000000,0.000000,-3834.802776,-1946.211501,3834.802776,1946.211501,1946.211501,-3834.802776,-1946.211501,3834.802776
0.000000,0.000000,-3832.536185,-1947.669520,3832.536185,1947.669520,1947.669520,-3832.536185,-1947.669520,3832.536185
0.000000,0.000000,-3830.267180,-1949.126312,3830.267180,1949.126312,1949.126312,-3830.267180,-1949.126312,3830.267180
0.000000,0.000000,-3827.995759,-1950.581876,3827.995759,1950.581876,1950.581876,-3827.995759,-1950.581876,3827.995759
0.000000,0.000000,-3825.721922,-1952.036210,3825.721922,1952.036210,1952.036210,-3825.721922,-1952.036210,3825.721922
0.000000,0.000000,-3823.445668,-1953.489311,3823.445668,1953.489311,1953.489311,-3823.445668,-1953.489311,3823.445668
0.000000,0.000000,-3821.166995,-1954.941178,3821.166995,1954.941178,1954.941178,-3821.166995,-1954.941178,3821.166995
0.000000,0.000000,-3818.885904,-1956.391808,3818.885904,1956.391808,1956.391808,-3818.885904,-1956.391808,3818.885904
0.000000,0.000000,-3816.602393,-1957.841199,3816.602393,1957.841199,1957.841199,-3816.602393,-1957.841199,3816.602393
0.000000,0.000000,-3814.316461,-1959.289349,3814.316461,1959.289349,1959.289349,-3814.316461,-1959.289349,3814.316461
0.000000,0.000000,-3812.028108,-1960.736256,3812.028108,1960.736256,1960.736256,-3812.028108,-1960.736256,3812.028108
0.000000,0.000000,-3809.737332,-1962.181918,3809.737332,1962.181918,1962.181918,-3809.737332,-1962.181918,3809.737332
0.000000,0.000000,-3807.444133,-1963.626332,3807.444133,1963.626332,1963.626332,-3807.444133,-1963.626332,3807.444133
0.000000,0.000000,-3805.148510,-1965.069497,3805.148510,1965.069497,1965.069497,-3805.148510,-1965.069497,3805.148510
0.000000,0.000000,-3802.850461,-1966.511411,3802.850461,1966.511411,1966.511411,-3802.850461,-1966.511411,3802.850461
0.000000,0.000000,-3800.549987,-1967.952071,3800.549987,1967.952071,1967.952071,-3800.549987,-1967.952071,3800.549987
0.000000,0.000000,-3798.247086,-1969.391475,3798.247086,1969.391475,1969.391475,-3798.247086,-1969.391475,3798.247086
0.000000,0.000000,-3795.941757,-1970.829622,3795.941757,1970.829622,1970.829622,-3795.941757,-1970.829622,3795.941757
0.000000,0.000000,-3793.634000,-1972.266508,3793.634000,1972.266508,1972.266508,-3793.634000,-1972.266508,3793.634000
0.000000,0.000000,-3791.323813,-1973.702132,3791.323813,1973.702132,1973.702132,-3791.323813,-1973.702132,3791.323813
0.000000,0.000000,-3789.011196,-1975.136492,3789.011196,1975.136492,1975.136492,-3789.011196,-1975.136492,3789.011196
0.000000,0.000000,-3786.696148,-1976.569585,3786.696148,1976.569585,1976.569585,-3786.696148,-1976.569585,3786.696148
0.000000,0.000000,-3784.378667,-1978.001410,3784.378667,1978.001410,1978.001410,-3784.378667,-1978.001410,3784.378667
0.000000,0.000000,-3782.058754,-1979.431963,3782.058754,1979.431963,1979.431963,-3782.058754,-1979.431963,3782.058754
0.000000,0.000000,-3779.736406,-1980.861244,3779.736406,1980.861244,1980.861244,-3779.736406,-1980.861244,3779.736406
0.000000,0.000000,-3777.411624,-1982.289250,3777.411624,1982.289250,1982.289250,-3777.411624,-1982.289250,3777.411624
0.000000,0.000000,-3775.084406,-1983.715978,3775.084406,1983.715978,1983.715978,-3775.084406,-1983.715978,3775.084406
0.000000,0.000000,-3772.754752,-1985.141427,3772.754752,1985.141427,1985.141427,-3772.754752,-1985.141427,3772.754752
0.000000,0.000000,-3770.422660,-1986.565594,3770.422660,1986.565594,1986.565594,-3770.422660,-1986.565594,3770.422660
0.000000,0.000000,-3768.088129,-1987.988477,3768.088129,1987.988477,1987.988477,-3768.088129,-1987.988477,3768.088129
0.000000,0.000000,-3765.751160,-1989.410074,3765.751160,1989.410074,1989.410074,-3765.751160,-1989.410074,3765.751160
0.000000,0.000000,-3763.411750,-1990.830383,3763.411750,1990.830383,1990.830383,-3763.411750,-1990.830383,3763.411750
0.000000,0.000000,-3761.069900,-1992.249401,3761.069900,1992.249401,1992.249401,-3761.069900,-1992.249401,3761.069900
0.000000,0.000000,-3758.725607,-1993.667127,3758.725607,1993.667127,1993.667127,-3758.725607,-1993.667127,3758.725607
0.000000,0.000000,-3756.378871,-1995.083558,3756.378871,1995.083558,1995.083558,-3756.378871,-1995.083558,3756.378871
0.000000,0.000000,-3754.029692,-1996.498692,3754.029692,1996.498692,1996.498692,-3754.029692,-1996.498692,3754.029692
0.000000,0.000000,-3751.678068,-1997.912527,3751.678068,1997.912527,1997.912527,-3751.678068,-1997.912527,3751.678068
0.000000,0.000000,-3749.323999,-1999.325060,3749.323999,1999.325060,1999.325060,-3749.323999,-1999.325060,3749.323999
0.000000,0.000000,-3746.967483,-2000.736289,3746.967483,2000.736289,2000.736289,-3746.967483,-2000.736289,3746.967483
0.000000,0.000000,-3744.608520,-2002.146213,3744.608520,2002.146213,2002.146213,-3744.608520,-2002.146213,3744.608520
0.000000,0.000000,-3742.247108,-2003.554828,3742.247108,2003.554828,2003.554828,-3742.247108,-2003.554828,3742.247108
0.000000,0.000000,-3739.883247,-2004.962133,3739.883247,2004.962133,2004.962133,-3739.883247,-2004.962133,3739.883247
0.000000,0.000000,-3737.516936,-2006.368126,3737.516936,2006.368126,2006.368126,-3737.516936,-2006.368126,3737.516936
0.000000,0.000000,-3735.148175,-2007.772803,3735.148175,2007.772803,2007.772803,-3735.148175,-2007.772803,3735.148175
0.000000,0.000000,-3732.776961,-2009.176163,3732.776961,2009.176163,2009.176163,-3732.776961,-2009.176163,3732.776961
0.000000,0.000000,-3730.403294,-2010.578205,3730.403294,2010.578205,2010.578205,-3730.403294,-2010.578205,3730.403294
0.000000,0.000000,-3728.027174,-2011.978924,3728.027174,2011.978924,2011.978924,-3728.027174,-2011.978924,3728.027174
0.000000,0.000000,-3725.648599,-2013.378319,3725.648599,2013.378319,2013.378319,-3725.648599,-2013.378319,3725.648599
0.000000,0.000000,-3723.267569,-2014.776389,3723.267569,2014.776389,2014.776389,-3723.267569,-2014.776389,3723.267569
0.000000,0.000000,-3720.884082,-2016.173130,3720.884082,2016.173130,2016.173130,-3720.884082,-2016.173130,3720.884082
0.000000,0.000000,-3718.498137,-2017.568540,3718.498137,2017.568540,2017.568540,-3718.498137,-2017.568540,3718.498137
0.000000,0.000000,-3716.109735,-2018.962618,3716.109735,2018.962618,2018.962618,-3716.109735,-2018.962618,3716.109735
0.000000,0.000000,-3713.718873,-2020.355360,3713.718873,2020.355360,2020.355360,-3713.718873,-2020.355360,3713.718873
0.000000,0.000000,-3711.325551,-2021.746765,3711.325551,2021.746765,2021.746765,-3711.325551,-2021.746765,3711.325551
0.000000,0.000000,-3708.929767,-2023.136830,3708.929767,2023.136830,2023.136830,-3708.929767,-2023.136830,3708.929767
0.000000,0.000000,-3706.531522,-2024.525553,3706.531522,2024.525553,2024.525553,-3706.531522,-2024.525553,3706.531522
0.000000,0.000000,-3704.130814,-2025.912931,3704.130814,2025.912931,2025.912931,-3704.130814,-2025.912931,3704.130814
0.000000,0.000000,-3701.727642,-2027.298963,3701.727642,2027.298963,2027.298963,-3701.727642,-2027.298963,3701.727642
0.000000,0.000000,-3699.322005,-2028.683646,3699.322005,2028.683646,2028.683646,-3699.322005,-2028.683646,3699.322005
0.000000,0.000000,-3696.913903,-2030.066977,3696.913903,2030.066977,2030.066977,-3696.913903,-2030.066977,3696.913903
0.000000,0.000000,-3694.503334,-2031.448955,3694.503334,2031.448955,2031.448955,-3694.503334,-2031.448955,3694.503334
0.000000,0.000000,-3692.090297,-2032.829577,3692.090297,2032.829577,2032.829577,-3692.090297,-2032.829577,3692.090297
0.000000,0.000000,-3689.674792,-2034.208841,3689.674792,2034.208841,2034.208841,-3689.674792,-2034.208841,3689.674792
0.000000,0.000000,-3687.256818,-2035.586745,3687.256818,2035.586745,2035.586745,-3687.256818,-2035.586745,3687.256818
0.000000,0.000000,-3684.836373,-2036.963285,3684.836373,2036.963285,2036.963285,-3684.836373,-2036.963285,3684.836373
0.000000,0.000000,-3682.413456,-2038.338460,3682.413456,2038.338460,2038.338460,-3682.413456,-2038.338460,3682.413456
0.000000,0.000000,-3679.988068,-2039.712268,3679.988068,2039.712268,2039.712268,-3679.988068,-2039.712268,3679.988068
0.000000,0.000000,-3677.560206,-2041.084706,3677.560206,2041.084706,2041.084706,-3677.560206,-2041.084706,3677.560206
0.000000,0.000000,-3675.129870,-2042.455771,3675.129870,2042.455771,2042.455771,-3675.129870,-2042.455771,3675.129870
0.000000,0.000000,-3672.697060,-2043.825462,3672.697060,2043.825462,2043.825462,-3672.697060,-2043.825462,3672.697060
0.000000,0.000000,-3670.261773,-2045.193776,3670.261773,2045.193776,2045.193776,-3670.261773,-2045.193776,3670.261773
0.000000,0.000000,-3667.824009,-2046.560711,3667.824009,2046.560711,2046.560711,-3667.824009,-2046.560711,3667.824009
0.000000,0.000000,-3665.383767,-2047.926264,3665.383767,2047.926264,2047.926264,-3665.383767,-2047.926264,3665.383767
0.000000,0.000000,-3662.941047,-2049.290432,3662.941047,2049.290432,2049.290432,-3662.941047,-2049.290432,3662.941047
0.000000,0.000000,-3660.495847,-2050.653215,3660.495847,2050.653215,2050.653215,-3660.495847,-2050.653215,3660.495847
0.000000,0.000000,-3658.048166,-2052.014609,3658.048166,2052.014609,2052.014609,-3658.048166,-2052.014609,3658.048166
0.000000,0.000000,-3655.598003,-2053.374611,3655.598003,2053.374611,2053.374611,-3655.598003,-2053.374611,3655.598003
0.000000,0.000000,-3653.145358,-2054.733220,3653.145358,2054.733220,2054.733220,-3653.145358,-2054.733220,3653.145358
0.000000,0.000000,-3650.690229,-2056.090433,3650.690229,2056.090433,2056.090433,-3650.690229,-2056.090433,3650.690229
0.000000,0.000000,-3648.232616,-2057.446248,3648.232616,2057.446248,2057.446248,-3648.232616,-2057.446248,3648.232616
0.000000,0.000000,-3645.772517,-2058.800662,3645.772517,2058.800662,2058.800662,-3645.772517,-2058.800662,3645.772517
0.000000,0.000000,-3643.309932,-2060.153672,3643.309932,2060.153672,2060.153672,-3643.309932,-2060.153672,3643.309932
0.000000,0.000000,-3640.844859,-2061.505277,3640.844859,2061.505277,2061.505277,-3640.844859,-2061.505277,3640.844859
0.000000,0.000000,-3638.377298,-2062.855475,3638.377298,2062.855475,2062.855475,-3638.377298,-2062.855475,3638.377298
0.000000,0.000000,-3635.907248,-2064.204261,3635.907248,2064.204261,2064.204261,-3635.907248,-2064.204261,3635.907248
0.000000,0.000000,-3633.434708,-2065.551635,3633.434708,2065.551635,2065.551635,-3633.434708,-2065.551635,3633.434708
0.000000,0.000000,-3630.959676,-2066.897594,3630.959676,2066.897594,2066.897594,-3630.959676,-2066.897594,3630.959676
0.000000,0.000000,-3628.482153,-2068.242135,3628.482153,2068.242135,2068.242135,-3628.482153,-2068.242135,3628.482153
0.000000,0.000000,-3626.002136,-2069.585256,3626.002136,2069.585256,2069.585256,-3626.002136,-2069.585256,3626.002136
0.000000,0.000000,-3623.519625,-2070.926954,3623.519625,2070.926954,2070.926954,-3623.519625,-2070.926954,3623.519625
0.000000,0.000000,-3621.034619,-2072.267227,3621.034619,2072.267227,2072.267227,-3621.034619,-2072.267227,3621.034619
0.000000,0.000000,-3618.547117,-2073.606073,3618.547117,2073.606073,2073.606073,-3618.547117,-2073.606073,3618.547117
0.000000,0.000000,-3616.057118,-2074.943488,3616.057118,2074.943488,2074.943488,-3616.057118,-2074.943488,3616.057118
0.000000,0.000000,-3613.564621,-2076.279472,3613.564621,2076.279472,2076.279472,-3613.564621,-2076.279472,3613.564621
0.000000,0.000000,-3611.069626,-2077.614020,3611.069626,2077.614020,2077.614020,-3611.069626,-2077.614020,3611.069626
0.000000,0.000000,-3608.572130,-2078.947132,3608.572130,2078.947132,2078.947132,-3608.572130,-2078.947132,3608.572130
0.000000,0.000000,-3606.072134,-2080.278803,3606.072134,2080.278803,2080.278803,-3606.072134,-2080.278803,3606.072134
0.000000,0.000000,-3603.569635,-2081.609032,3603.569635,2081.609032,2081.609032,-3603.569635,-2081.609032,3603.569635
0.000000,0.000000,-3601.064634,-2082.937816,3601.064634,2082.937816,2082.937816,-3601.064634,-2082.937816,3601.064634
0.000000,0.000000,-3598.557129,-2084.265154,3598.557129,2084.265154,2084.265154,-3598.557129,-2084.265154,3598.557129
0.000000,0.000000,-3596.047120,-2085.591041,3596.047120,2085.591041,2085.591041,-3596.047120,-2085.591041,3596.047120
0.000000,0.000000,-3593.534605,-2086.915476,3593.534605,2086.915476,2086.915476,-3593.534605,-2086.915476,3593.534605
0.000000,0.000000,-3591.019583,-2088.238456,3591.019583,2088.238456,2088.238456,-3591.019583,-2088.238456,3591.019583
0.000000,0.000000,-3588.502053,-2089.559979,3588.502053,2089.559979,2089.559979,-3588.502053,-2089.559979,3588.502053
0.000000,0.000000,-3585.982015,-2090.880042,3585.982015,2090.880042,2090.880042,-3585.982015,-2090.880042,3585.982015
0.000000,0.000000,-3583.459467,-2092.198643,3583.459467,2092.198643,2092.198643,-3583.459467,-2092.198643,3583.459467
0.000000,0.000000,-3580.934409,-2093.515779,3580.934409,2093.515779,2093.515779,-3580.934409,-2093.515779,3580.934409
0.000000,0.000000,-3578.406839,-2094.831448,3578.406839,2094.831448,2094.831448,-3578.406839,-2094.831448,3578.406839
0.000000,0.000000,-3575.876756,-2096.145647,3575.876756,2096.145647,2096.145647,-3575.876756,-2096.145647,3575.876756
0.000000,0.000000,-3573.344160,-2097.458373,3573.344160,2097.458373,2097.458373,-3573.344160,-2097.458373,3573.344160
0.000000,0.000000,-3570.809049,-2098.769625,3570.809049,2098.769625,2098.769625,-3570.809049,-2098.769625,3570.809049
0.000000,0.000000,-3568.271423,-2100.079399,3568.271423,2100.079399,2100.079399,-3568.271423,-2100.079399,3568.271423
0.000000,0.000000,-3565.731281,-2101.387692,3565.731281,2101.387692,2101.387692,-3565.731281,-2101.387692,3565.731281
0.000000,0.000000,-3563.188621,-2102.694504,3563.188621,2102.694504,2102.694504,-3563.188621,-2102.694504,3563.188621
0.000000,0.000000,-3560.643442,-2103.999830,3560.643442,2103.999830,2103.999830,-3560.643442,-2103.999830,3560.643442
0.000000,0.000000,-3558.095744,-2105.303668,3558.095744,2105.303668,2105.303668,-3558.095744,-2105.303668,3558.095744
0.000000,0.000000,-3555.545525,-2106.606016,3555.545525,2106.606016,2106.606016,-3555.545525,-2106.606016,3555.545525
0.000000,0.000000,-3552.992785,-2107.906871,3552.992785,2107.906871,2107.906871,-3552.992785,-2107.906871,3552.992785
0.000000,0.000000,-3550.437523,-2109.206230,3550.437523,2109.206230,2109.206230,-3550.437523,-2109.206230,3550.437523
0.000000,0.000000,-3547.879737,-2110.504091,3547.879737,2110.504091,2110.504091,-3547.879737,-2110.504091,3547.879737
0.000000,0.000000,-3545.319426,-2111.800452,3545.319426,2111.800452,2111.800452,-3545.319426,-2111.800452,3545.319426
0.000000,0.000000,-3542.756590,-2113.095309,3542.756590,2113.095309,2113.095309,-3542.756590,-2113.095309,3542.756590
0.000000,0.000000,-3540.191228,-2114.388660,3540.191228,2114.388660,2114.388660,-3540.191228,-2114.388660,3540.191228
0.000000,0.000000,-3537.623338,-2115.680503,3537.623338,2115.680503,2115.680503,-3537.623338,-2115.680503,3537.623338
0.000000,0.000000,-3535.052920,-2116.970835,3535.052920,2116.970835,2116.970835,-3535.052920,-2116.970835,3535.052920
0.000000,0.000000,-3532.479973,-2118.259653,3532.479973,2118.259653,2118.259653,-3532.479973,-2118.259653,3532.479973
0.000000,0.000000,-3529.904495,-2119.546955,3529.904495,2119.546955,2119.546955,-3529.904495,-2119.546955,3529.904495
0.000000,0.000000,-3527.326485,-2120.832737,3527.326485,2120.832737,2120.832737,-3527.326485,-2120.832737,3527.326485
0.000000,0.000000,-3524.745943,-2122.116998,3524.745943,2122.116998,2122.116998,-3524.745943,-2122.116998,3524.745943
0.000000,0.000000,-3522.162868,-2123.399735,3522.162868,2123.399735,2123.399735,-3522.162868,-2123.399735,3522.162868
0.000000,0.000000,-3519.577258,-2124.680945,3519.577258,2124.680945,2124.680945,-3519.577258,-2124.680945,3519.577258
0.000000,0.000000,-3516.989112,-2125.960625,3516.989112,2125.960625,2125.960625,-3516.989112,-2125.960625,3516.989112
0.000000,0.000000,-3514.398431,-2127.238773,3514.398431,2127.238773,2127.238773,-3514.398431,-2127.238773,3514.398431
0.000000,0.000000,-3511.805211,-2128.515386,3511.805211,2128.515386,2128.515386,-3511.805211,-2128.515386,3511.805211
0.000000,0.000000,-3509.209453,-2129.790461,3509.209453,2129.790461,2129.790461,-3509.209453,-2129.790461,3509.209453
0.000000,0.000000,-3506.611156,-2131.063996,3506.611156,2131.063996,2131.063996,-3506.611156,-2131.063996,3506.611156
0.000000,0.000000,-3504.010318,-2132.335989,3504.010318,2132.335989,2132.335989,-3504.010318,-2132.335989,3504.010318
0.000000,0.000000,-3501.406938,-2133.606435,3501.406938,2133.606435,2133.606435,-3501.406938,-2133.606435,3501.406938
0.000000,0.000000,-3498.801016,-2134.875334,3498.801016,2134.875334,2134.875334,-3498.801016,-2134.875334,3498.801016
0.000000,0.000000,-3496.192551,-2136.142681,3496.192551,2136.142681,2136.142681,-3496.192551,-2136.142681,3496.192551
0.000000,0.000000,-3493.581540,-2137.408475,3493.581540,2137.408475,2137.408475,-3493.581540,-2137.408475,3493.581540
0.000000,0.000000,-3490.967984,-2138.672712,3490.967984,2138.672712,2138.672712,-3490.967984,-2138.672712,3490.967984
0.000000,0.000000,-3488.351882,-2139.935390,3488.351882,2139.935390,2139.935390,-3488.351882,-2139.935390,3488.351882
0.000000,0.000000,-3485.733232,-2141.196506,3485.733232,2141.196506,2141.196506,-3485.733232,-2141.196506,3485.733232
0.000000,0.000000,-3483.112033,-2142.456058,3483.112033,2142.456058,2142.456058,-3483.112033,-2142.456058,3483.112033
0.000000,0.000000,-3480.488284,-2143.714043,3480.488284,2143.714043,2143.714043,-3480.488284,-2143.714043,3480.488284
0.000000,0.000000,-3477.861985,-2144.970457,3477.861985,2144.970457,2144.970457,-3477.861985,-2144.970457,3477.861985
0.000000,0.000000,-3475.233133,-2146.225299,3475.233133,2146.225299,2146.225299,-3475.233133,-2146.225299,3475.233133
0.000000,0.000000,-3472.601730,-2147.478565,3472.601730,2147.478565,2147.478565,-3472.601730,-2147.478565,3472.601730
0.000000,0.000000,-3469.967772,-2148.730253,3469.967772,2148.730253,2148.730253,-3469.967772,-2148.730253,3469.967772
0.000000,0.000000,-3467.331259,-2149.980360,3467.331259,2149.980360,2149.980360,-3467.331259,-2149.980360,3467.331259
0.000000,0.000000,-3464.692191,-2151.228884,3464.692191,2151.228884,2151.228884,-3464.692191,-2151.228884,3464.692191
0.000000,0.000000,-3462.050565,-2152.475820,3462.050565,2152.475820,2152.475820,-3462.050565,-2152.475820,3462.050565
0.000000,0.000000,-3459.406382,-2153.721168,3459.406382,2153.721168,2153.721168,-3459.406382,-2153.721168,3459.406382
0.000000,0.000000,-3456.759639,-2154.964923,3456.759639,2154.964923,2154.964923,-3456.759639,-2154.964923,3456.759639
0.000000,0.000000,-3454.110337,-2156.207084,3454.110337,2156.207084,2156.207084,-3454.110337,-2156.207084,3454.110337
0.000000,0.000000,-3451.458474,-2157.447647,3451.458474,2157.447647,2157.447647,-3451.458474,-2157.447647,3451.458474
0.000000,0.000000,-3448.804048,-2158.686609,3448.804048,2158.686609,2158.686609,-3448.804048,-2158.686609,3448.804048
0.000000,0.000000,-3446.147059,-2159.923968,3446.147059,2159.923968,2159.923968,-3446.147059,-2159.923968,3446.147059
0.000000,0.000000,-3443.487507,-2161.159721,3443.487507,2161.159721,2161.159721,-3443.487507,-2161.159721,3443.487507
0.000000,0.000000,-3440.825388,-2162.393865,3440.825388,2162.393865,2162.393865,-3440.825388,-2162.393865,3440.825388
0.000000,0.000000,-3438.160704,-2163.626398,3438.160704,2163.626398,2163.626398,-3438.160704,-2163.626398,3438.160704
0.000000,0.000000,-3435.493453,-2164.857316,3435.493453,2164.857316,2164.857316,-3435.493453,-2164.857316,3435.493453
0.000000,0.000000,-3432.823633,-2166.086617,3432.823633,2166.086617,2166.086617,-3432.823633,-2166.086617,3432.823633
0.000000,0.000000,-3430.151243,-2167.314297,3430.151243,2167.314297,2167.314297,-3430.151243,-2167.314297,3430.151243
0.000000,0.000000,-3427.476284,-2168.540355,3427.476284,2168.540355,2168.540355,-3427.476284,-2168.540355,3427.476284
0.000000,0.000000,-3424.798752,-2169.764787,3424.798752,2169.764787,2169.764787,-3424.798752,-2169.764787,3424.798752
0.000000,0.000000,-3422.118649,-2170.987589,3422.118649,2170.987589,2170.987589,-3422.118649,-2170.987589,3422.118649
0.000000,0.000000,-3419.435971,-2172.208761,3419.435971,2172.208761,2172.208761,-3419.435971,-2172.208761,3419.435971
0.000000,0.000000,-3416.750719,-2173.428298,3416.750719,2173.428298,2173.428298,-3416.750719,-2173.428298,3416.750719
0.000000,0.000000,-3414.062892,-2174.646197,3414.062892,2174.646197,2174.646197,-3414.062892,-2174.646197,3414.062892
0.000000,0.000000,-3411.372488,-2175.862457,3411.372488,2175.862457,2175.862457,-3411.372488,-2175.862457,3411.372488
0.000000,0.000000,-3408.679505,-2177.077073,3408.679505,2177.077073,2177.077073,-3408.679505,-2177.077073,3408.679505
0.000000,0.000000,-3405.983944,-2178.290044,3405.983944,2178.290044,2178.290044,-3405.983944,-2178.290044,3405.983944
0.000000,0.000000,-3403.285804,-2179.501365,3403.285804,2179.501365,2179.501365,-3403.285804,-2179.501365,3403.285804
0.000000,0.000000,-3400.585082,-2180.711035,3400.585082,2180.711035,2180.711035,-3400.585082,-2180.711035,3400.585082
0.000000,0.000000,-3397.881778,-2181.919050,3397.881778,2181.919050,2181.919050,-3397.881778,-2181.919050,3397.881778
0.000000,0.000000,-3395.175891,-2183.125408,3395.175891,2183.125408,2183.125408,-3395.175891,-2183.125408,3395.175891
0.000000,0.000000,-3392.467420,-2184.330105,3392.467420,2184.330105,2184.330105,-3392.467420,-2184.330105,3392.467420
0.000000,0.000000,-3389.756364,-2185.533139,3389.756364,2185.533139,2185.533139,-3389.756364,-2185.533139,3389.756364
0.000000,0.000000,-3387.042722,-2186.734506,3387.042722,2186.734506,2186.734506,-3387.042722,-2186.734506,3387.042722
0.000000,0.000000,-3384.326492,-2187.934204,3384.326492,2187.934204,2187.934204,-3384.326492,-2187.934204,3384.326492
0.000000,0.000000,-3381.607674,-2189.132230,3381.607674,2189.132230,2189.132230,-3381.607674,-2189.132230,3381.607674
0.000000,0.000000,-3378.886266,-2190.328581,3378.886266,2190.328581,2190.328581,-3378.886266,-2190.328581,3378.886266
0.000000,0.000000,-3376.162268,-2191.523253,3376.162268,2191.523253,2191.523253,-3376.162268,-2191.523253,3376.162268
0.000000,0.000000,-3373.435679,-2192.716245,3373.435679,2192.716245,2192.716245,-3373.435679,-2192.716245,3373.435679
0.000000,0.000000,-3370.706497,-2193.907552,3370.706497,2193.907552,2193.907552,-3370.706497,-2193.907552,3370.706497
0.000000,0.000000,-3367.974721,-2195.097172,3367.974721,2195.097172,2195.097172,-3367.974721,-2195.097172,3367.974721
0.000000,0.000000,-3365.240350,-2196.285102,3365.240350,2196.285102,2196.285102,-3365.240350,-2196.285102,3365.240350
0.000000,0.000000,-3362.503383,-2197.471340,3362.503383,2197.471340,2197.471340,-3362.503383,-2197.471340,3362.503383
0.000000,0.000000,-3359.763820,-2198.655881,3359.763820,2198.655881,2198.655881,-3359.763820,-2198.655881,3359.763820
0.000000,0.000000,-3357.021659,-2199.838723,3357.021659,2199.838723,2199.838723,-3357.021659,-2199.838723,3357.021659
0.000000,0.000000,-3354.276898,-2201.019864,3354.276898,2201.019864,2201.019864,-3354.276898,-2201.019864,3354.276898
0.000000,0.000000,-3351.529537,-2202.199299,3351.529537,2202.199299,2202.199299,-3351.529537,-2202.199299,3351.529537
0.000000,0.000000,-3348.779575,-2203.377026,3348.779575,2203.377026,2203.377026,-3348.779575,-2203.377026,3348.779575
0.000000,0.000000,-3346.027011,-2204.553042,3346.027011,2204.553042,2204.553042,-3346.027011,-2204.553042,3346.027011
0.000000,0.000000,-3343.271844,-2205.727345,3343.271844,2205.727345,2205.727345,-3343.271844,-2205.727345,3343.271844
0.000000,0.000000,-3340.514072,-2206.899930,3340.514072,2206.899930,2206.899930,-3340.514072,-2206.899930,3340.514072
0.000000,0.000000,-3337.753694,-2208.070794,3337.753694,2208.070794,2208.070794,-3337.753694,-2208.070794,3337.753694
0.000000,0.000000,-3334.990710,-2209.239936,3334.990710,2209.239936,2209.239936,-3334.990710,-2209.239936,3334.990710
0.000000,0.000000,-3332.225118,-2210.407351,3332.225118,2210.407351,2210.407351,-3332.225118,-2210.407351,3332.225118
0.000000,0.000000,-3329.456917,-2211.573037,3329.456917,2211.573037,2211.573037,-3329.456917,-2211.573037,3329.456917
0.000000,0.000000,-3326.686107,-2212.736991,3326.686107,2212.736991,2212.736991,-3326.686107,-2212.736991,3326.686107
0.000000,0.000000,-3323.912685,-2213.899209,3323.912685,2213.899209,2213.899209,-3323.912685,-2213.899209,3323.912685
0.000000,0.000000,-3321.136652,-2215.059688,3321.136652,2215.059688,2215.059688,-3321.136652,-2215.059688,3321.136652
0.000000,0.000000,-3318.358005,-2216.218426,3318.358005,2216.218426,2216.218426,-3318.358005,-2216.218426,3318.358005
0.000000,0.000000,-3315.576744,-2217.375419,3315.576744,2217.375419,2217.375419,-3315.576744,-2217.375419,3315.576744
0.000000,0.000000,-3312.792868,-2218.530664,3312.792868,2218.530664,2218.530664,-3312.792868,-2218.530664,3312.792868
0.000000,0.000000,-3310.006376,-2219.684158,3310.006376,2219.684158,2219.684158,-3310.006376,-2219.684158,3310.006376
0.000000,0.000000,-3307.217266,-2220.835899,3307.217266,2220.835899,2220.835899,-3307.217266,-2220.835899,3307.217266
0.000000,0.000000,-3304.425537,-2221.985881,3304.425537,2221.985881,2221.985881,-3304.425537,-2221.985881,3304.425537
0.000000,0.000000,-3301.631189,-2223.134104,3301.631189,2223.134104,2223.134104,-3301.631189,-2223.134104,3301.631189
0.000000,0.000000,-3298.834219,-2224.280563,3298.834219,2224.280563,2224.280563,-3298.834219,-2224.280563,3298.834219
0.000000,0.000000,-3296.034628,-2225.425256,3296.034628,2225.425256,2225.425256,-3296.034628,-2225.425256,3296.034628
0.000000,0.000000,-3293.232415,-2226.568178,3293.232415,2226.568178,2226.568178,-3293.232415,-2226.568178,3293.232415
0.000000,0.000000,-3290.427577,-2227.709328,3290.427577,2227.709328,2227.709328,-3290.427577,-2227.709328,3290.427577
0.000000,0.000000,-3287.620113,-2228.848702,3287.620113,2228.848702,2228.848702,-3287.620113,-2228.848702,3287.620113
0.000000,0.000000,-3284.810024,-2229.986296,3284.810024,2229.986296,2229.986296,-3284.810024,-2229.986296,3284.810024
0.000000,0.000000,-3281.997307,-2231.122108,3281.997307,2231.122108,2231.122108,-3281.997307,-2231.122108,3281.997307
0.000000,0.000000,-3279.181962,-2232.256134,3279.181962,2232.256134,2232.256134,-3279.181962,-2232.256134,3279.181962
0.000000,0.000000,-3276.363987,-2233.388372,3276.363987,2233.388372,2233.388372,-3276.363987,-2233.388372,3276.363987
0.000000,0.000000,-3273.543382,-2234.518817,3273.543382,2234.518817,2234.518817,-3273.543382,-2234.518817,3273.543382
0.000000,0.000000,-3270.720144,-2235.647467,3270.720144,2235.647467,2235.647467,-3270.720144,-2235.647467,3270.720144
0.000000,0.000000,-3267.894274,-2236.774319,3267.894274,2236.774319,2236.774319,-3267.894274,-2236.774319,3267.894274
0.000000,0.000000,-3265.065770,-2237.899369,3265.065770,2237.899369,2237.899369,-3265.065770,-2237.899369,3265.065770
0.000000,0.000000,-3262.234631,-2239.022615,3262.234631,2239.022615,2239.022615,-3262.234631,-2239.022615,3262.234631
0.000000,0.000000,-3259.400855,-2240.144052,3259.400855,2240.144052,2240.144052,-3259.400855,-2240.144052,3259.400855
0.000000,0.000000,-3256.564443,-2241.263678,3256.564443,2241.263678,2241.263678,-3256.564443,-2241.263678,3256.564443
0.000000,0.000000,-3253.725391,-2242.381489,3253.725391,2242.381489,2242.381489,-3253.725391,-2242.381489,3253.725391
0.000000,0.000000,-3250.883701,-2243.497482,3250.883701,2243.497482,2243.497482,-3250.883701,-2243.497482,3250.883701
0.000000,0.000000,-3248.039369,-2244.611655,3248.039369,2244.611655,2244.611655,-3248.039369,-2244.611655,3248.039369
0.000000,0.000000,-3245.192396,-2245.724002,3245.192396,2245.724002,2245.724002,-3245.192396,-2245.724002,3245.192396
0.000000,0.000000,-3242.342780,-2246.834523,3242.342780,2246.834523,2246.834523,-3242.342780,-2246.834523,3242.342780
0.000000,0.000000,-3239.490520,-2247.943212,3239.490520,2247.943212,2247.943212,-3239.490520,-2247.943212,3239.490520
0.000000,0.000000,-3236.635615,-2249.050067,3236.635615,2249.050067,2249.050067,-3236.635615,-2249.050067,3236.635615
0.000000,0.000000,-3233.778064,-2250.155084,3233.778064,2250.155084,2250.155084,-3233.778064,-2250.155084,3233.778064
0.000000,0.000000,-3230.917865,-2251.258261,3230.917865,2251.258261,2251.258261,-3230.917865,-2251.258261,3230.917865
0.000000,0.000000,-3228.055018,-2252.359594,3228.055018,2252.359594,2252.359594,-3228.055018,-2252.359594,3228.055018
0.000000,0.000000,-3225.189521,-2253.459079,3225.189521,2253.459079,2253.459079,-3225.189521,-2253.459079,3225.189521
0.000000,0.000000,-3222.321374,-2254.556713,3222.321374,2254.556713,2254.556713,-3222.321374,-2254.556713,3222.321374
0.000000,0.000000,-3219.450574,-2255.652493,3219.450574,2255.652493,2255.652493,-3219.450574,-2255.652493,3219.450574
0.000000,0.000000,-3216.577122,-2256.746416,3216.577122,2256.746416,2256.746416,-3216.577122,-2256.746416,3216.577122
0.000000,0.000000,-3213.701016,-2257.838478,3213.701016,2257.838478,2257.838478,-3213.701016,-2257.838478,3213.701016
0.000000,0.000000,-3210.822254,-2258.928675,3210.822254,2258.928675,2258.928675,-3210.822254,-2258.928675,3210.822254
0.000000,0.000000,-3207.940836,-2260.017006,3207.940836,2260.017006,2260.017006,-3207.940836,-2260.017006,3207.940836
0.000000,0.000000,-3205.056761,-2261.103465,3205.056761,2261.103465,2261.103465,-3205.056761,-2261.103465,3205.056761
0.000000,0.000000,-3202.170027,-2262.188050,3202.170027,2262.188050,2262.188050,-3202.170027,-2262.188050,3202.170027
0.000000,0.000000,-3199.280634,-2263.270757,3199.280634,2263.270757,2263.270757,-3199.280634,-2263.270757,3199.280634
0.000000,0.000000,-3196.388579,-2264.351583,3196.388579,2264.351583,2264.351583,-3196.388579,-2264.351583,3196.388579
0.000000,0.000000,-3193.493863,-2265.430525,3193.493863,2265.430525,2265.430525,-3193.493863,-2265.430525,3193.493863
0.000000,0.000000,-3190.596483,-2266.507579,3190.596483,2266.507579,2266.507579,-3190.596483,-2266.507579,3190.596483
0.000000,0.000000,-3187.696440,-2267.582742,3187.696440,2267.582742,2267.582742,-3187.696440,-2267.582742,3187.696440
0.000000,0.000000,-3184.793731,-2268.656010,3184.793731,2268.656010,2268.656010,-3184.793731,-2268.656010,3184.793731
0.000000,0.000000,-3181.888355,-2269.727379,3181.888355,2269.727379,2269.727379,-3181.888355,-2269.727379,3181.888355
0.000000,0.000000,-3178.980312,-2270.796848,3178.980312,2270.796848,2270.796848,-3178.980312,-2270.796848,3178.980312
0.000000,0.000000,-3176.069600,-2271.864411,3176.069600,2271.864411,2271.864411,-3176.069600,-2271.864411,3176.069600
0.000000,0.000000,-3173.156218,-2272.930066,3173.156218,2272.930066,2272.930066,-3173.156218,-2272.930066,3173.156218
0.000000,0.000000,-3170.240165,-2273.993808,3170.240165,2273.993808,2273.993808,-3170.240165,-2273.993808,3170.240165
0.000000,0.000000,-3167.321440,-2275.055636,3167.321440,2275.055636,2275.055636,-3167.321440,-2275.055636,3167.321440
0.000000,0.000000,-3164.400041,-2276.115544,3164.400041,2276.115544,2276.115544,-3164.400041,-2276.115544,3164.400041
0.000000,0.000000,-3161.475968,-2277.173530,3161.475968,2277.173530,2277.173530,-3161.475968,-2277.173530,3161.475968
0.000000,0.000000,-3158.549220,-2278.229590,3158.549220,2278.229590,2278.229590,-3158.549220,-2278.229590,3158.549220
0.000000,0.000000,-3155.619795,-2279.283721,3155.619795,2279.283721,2279.283721,-3155.619795,-2279.283721,3155.619795
0.000000,0.000000,-3152.687692,-2280.335919,3152.687692,2280.335919,2280.335919,-3152.687692,-2280.335919,3152.687692
0.000000,0.000000,-3149.752909,-2281.386181,3149.752909,2281.386181,2281.386181,-3149.752909,-2281.386181,3149.752909
0.000000,0.000000,-3146.815447,-2282.434502,3146.815447,2282.434502,2282.434502,-3146.815447,-2282.434502,3146.815447
0.000000,0.000000,-3143.875303,-2283.480881,3143.875303,2283.480881,2283.480881,-3143.875303,-2283.480881,3143.875303
0.000000,0.000000,-3140.932477,-2284.525312,3140.932477,2284.525312,2284.525312,-3140.932477,-2284.525312,3140.932477
0.000000,0.000000,-3137.986967,-2285.567792,3137.986967,2285.567792,2285.567792,-3137.986967,-2285.567792,3137.986967
0.000000,0.000000,-3135.038773,-2286.608319,3135.038773,2286.608319,2286.608319,-3135.038773,-2286.608319,3135.038773
0.000000,0.000000,-3132.087892,-2287.646888,3132.087892,2287.646888,2287.646888,-3132.087892,-2287.646888,3132.087892
0.000000,0.000000,-3129.134325,-2288.683495,3129.134325,2288.683495,2288.683495,-3129.134325,-2288.683495,3129.134325
0.000000,0.000000,-3126.178069,-2289.718138,3126.178069,2289.718138,2289.718138,-3126.178069,-2289.718138,3126.178069
0.000000,0.000000,-3123.219124,-2290.750813,3123.219124,2290.750813,2290.750813,-3123.219124,-2290.750813,3123.219124
0.000000,0.000000,-3120.257489,-2291.781515,3120.257489,2291.781515,2291.781515,-3120.257489,-2291.781515,3120.257489
0.000000,0.000000,-3117.293161,-2292.810242,3117.293161,2292.810242,2292.810242,-3117.293161,-2292.810242,3117.293161
0.000000,0.000000,-3114.326141,-2293.836990,3114.326141,2293.836990,2293.836990,-3114.326141,-2293.836990,3114.326141
0.000000,0.000000,-3111.356427,-2294.861754,3111.356427,2294.861754,2294.861754,-3111.356427,-2294.861754,3111.356427
0.000000,0.000000,-3108.384018,-2295.884533,3108.384018,2295.884533,2295.884533,-3108.384018,-2295.884533,3108.384018
0.000000,0.000000,-3105.408912,-2296.905321,3105.408912,2296.905321,2296.905321,-3105.408912,-2296.905321,3105.408912
0.000000,0.000000,-3102.431110,-2297.924115,3102.431110,2297.924115,2297.924115,-3102.431110,-2297.924115,3102.431110
0.000000,0.000000,-3099.450608,-2298.940912,3099.450608,2298.940912,2298.940912,-3099.450608,-2298.940912,3099.450608
0.000000,0.000000,-3096.467407,-2299.955708,3096.467407,2299.955708,2299.955708,-3096.467407,-2299.955708,3096.467407
0.000000,0.000000,-3093.481504,-2300.968499,3093.481504,2300.968499,2300.968499,-3093.481504,-2300.968499,3093.481504
0.000000,0.000000,-3090.492900,-2301.979282,3090.492900,2301.979282,2301.979282,-3090.492900,-2301.979282,3090.492900
0.000000,0.000000,-3087.501593,-2302.988053,3087.501593,2302.988053,2302.988053,-3087.501593,-2302.988053,3087.501593
0.000000,0.000000,-3084.507581,-2303.994807,3084.507581,2303.994807,2303.994807,-3084.507581,-2303.994807,3084.507581
0.000000,0.000000,-3081.510863,-2304.999543,3081.510863,2304.999543,2304.999543,-3081.510863,-2304.999543,3081.510863
0.000000,0.000000,-3078.511439,-2306.002255,3078.511439,2306.002255,2306.002255,-3078.511439,-2306.002255,3078.511439
0.000000,0.000000,-3075.509307,-2307.002940,3075.509307,2307.002940,2307.002940,-3075.509307,-2307.002940,3075.509307
0.000000,0.000000,-3072.504465,-2308.001594,3072.504465,2308.001594,2308.001594,-3072.504465,-2308.001594,3072.504465
0.000000,0.000000,-3069.496914,-2308.998214,3069.496914,2308.998214,2308.998214,-3069.496914,-2308.998214,3069.496914
0.000000,0.000000,-3066.486651,-2309.992796,3066.486651,2309.992796,2309.992796,-3066.486651,-2309.992796,3066.486651
0.000000,0.000000,-3063.473676,-2310.985336,3063.473676,2310.985336,2310.985336,-3063.473676,-2310.985336,3063.473676
0.000000,0.000000,-3060.457987,-2311.975830,3060.457987,2311.975830,2311.975830,-3060.457987,-2311.975830,3060.457987
0.000000,0.000000,-3057.439583,-2312.964275,3057.439583,2312.964275,2312.964275,-3057.439583,-2312.964275,3057.439583
0.000000,0.000000,-3054.418463,-2313.950666,3054.418463,2313.950666,2313.950666,-3054.418463,-2313.950666,3054.418463
0.000000,0.000000,-3051.394625,-2314.935000,3051.394625,2314.935000,2314.935000,-3051.394625,-2314.935000,3051.394625
0.000000,0.000000,-3048.368070,-2315.917274,3048.368070,2315.917274,2315.917274,-3048.368070,-2315.917274,3048.368070
0.000000,0.000000,-3045.338794,-2316.897483,3045.338794,2316.897483,2316.897483,-3045.338794,-2316.897483,3045.338794
0.000000,0.000000,-3042.306798,-2317.875623,3042.306798,2317.875623,2317.875623,-3042.306798,-2317.875623,3042.306798
0.000000,0.000000,-3039.272080,-2318.851691,3039.272080,2318.851691,2318.851691,-3039.272080,-2318.851691,3039.272080
0.000000,0.000000,-3036.234639,-2319.825683,3036.234639,2319.825683,2319.825683,-3036.234639,-2319.825683,3036.234639
0.000000,0.000000,-3033.194474,-2320.797595,3033.194474,2320.797595,2320.797595,-3033.194474,-2320.797595,3033.194474
0.000000,0.000000,-3030.151583,-2321.767423,3030.151583,2321.767423,2321.767423,-3030.151583,-2321.767423,3030.151583
0.000000,0.000000,-3027.105966,-2322.735163,3027.105966,2322.735163,2322.735163,-3027.105966,-2322.735163,3027.105966
0.000000,0.000000,-3024.057621,-2323.700812,3024.057621,2323.700812,2323.700812,-3024.057621,-2323.700812,3024.057621
0.000000,0.000000,-3021.006546,-2324.664365,3021.006546,2324.664365,2324.664365,-3021.006546,-2324.664365,3021.006546
0.000000,0.000000,-3017.952742,-2325.625819,3017.952742,2325.625819,2325.625819,-3017.952742,-2325.625819,3017.952742
0.000000,0.000000,-3014.896207,-2326.585170,3014.896207,2326.585170,2326.585170,-3014.896207,-2326.585170,3014.896207
0.000000,0.000000,-3011.836938,-2327.542413,3011.836938,2327.542413,2327.542413,-3011.836938,-2327.542413,3011.836938
0.000000,0.000000,-3008.774937,-2328.497546,3008.774937,2328.497546,2328.497546,-3008.774937,-2328.497546,3008.774937
0.000000,0.000000,-3005.710200,-2329.450563,3005.710200,2329.450563,2329.450563,-3005.710200,-2329.450563,3005.710200
0.000000,0.000000,-3002.642727,-2330.401462,3002.642727,2330.401462,2330.401462,-3002.642727,-2330.401462,3002.642727
0.000000,0.000000,-2999.572517,-2331.350237,2999.572517,2331.350237,2331.350237,-2999.572517,-2331.350237,2999.572517
0.000000,0.000000,-2996.499569,-2332.296886,2996.499569,2332.296886,2332.296886,-2996.499569,-2332.296886,2996.499569
0.000000,0.000000,-2993.423881,-2333.241404,2993.423881,2333.241404,2333.241404,-2993.423881,-2333.241404,2993.423881
0.000000,0.000000,-2990.345452,-2334.183787,2990.345452,2334.183787,2334.183787,-2990.345452,-2334.183787,2990.345452
0.000000,0.000000,-2987.264281,-2335.124031,2987.264281,2335.124031,2335.124031,-2987.264281,-2335.124031,2987.264281
0.000000,0.000000,-2984.180367,-2336.062133,2984.180367,2336.062133,2336.062133,-2984.180367,-2336.062133,2984.180367
0.000000,0.000000,-2981.093709,-2336.998088,2981.093709,2336.998088,2336.998088,-2981.093709,-2336.998088,2981.093709
0.000000,0.000000,-2978.004305,-2337.931892,2978.004305,2337.931892,2337.931892,-2978.004305,-2337.931892,2978.004305
0.000000,0.000000,-2974.912155,-2338.863541,2974.912155,2338.863541,2338.863541,-2974.912155,-2338.863541,2974.912155
0.000000,0.000000,-2971.817257,-2339.793031,2971.817257,2339.793031,2339.793031,-2971.817257,-2339.793031,2971.817257
0.000000,0.000000,-2968.719609,-2340.720359,2968.719609,2340.720359,2340.720359,-2968.719609,-2340.720359,2968.719609
0.000000,0.000000,-2965.619211,-2341.645519,2965.619211,2341.645519,2341.645519,-2965.619211,-2341.645519,2965.619211
0.000000,0.000000,-2962.516062,-2342.568509,2962.516062,2342.568509,2342.568509,-2962.516062,-2342.568509,2962.516062
0.000000,0.000000,-2959.410161,-2343.489324,2959.410161,2343.489324,2343.489324,-2959.410161,-2343.489324,2959.410161
0.000000,0.000000,-2956.301505,-2344.407959,2956.301505,2344.407959,2344.407959,-2956.301505,-2344.407959,2956.301505
0.000000,0.000000,-2953.190094,-2345.324411,2953.190094,2345.324411,2345.324411,-2953.190094,-2345.324411,2953.190094
0.000000,0.000000,-2950.075927,-2346.238676,2950.075927,2346.238676,2346.238676,-2950.075927,-2346.238676,2950.075927
0.000000,0.000000,-2946.959003,-2347.150750,2946.959003,2347.150750,2347.150750,-2946.959003,-2347.150750,2946.959003
0.000000,0.000000,-2943.839320,-2348.060628,2943.839320,2348.060628,2348.060628,-2943.839320,-2348.060628,2943.839320
0.000000,0.000000,-2940.716878,-2348.968306,2940.716878,2348.968306,2348.968306,-2940.716878,-2348.968306,2940.716878
0.000000,0.000000,-2937.591674,-2349.873780,2937.591674,2349.873780,2349.873780,-2937.591674,-2349.873780,2937.591674
0.000000,0.000000,-2934.463708,-2350.777047,2934.463708,2350.777047,2350.777047,-2934.463708,-2350.777047,2934.463708
0.000000,0.000000,-2931.332979,-2351.678101,2931.332979,2351.678101,2351.678101,-2931.332979,-2351.678101,2931.332979
0.000000,0.000000,-2928.199485,-2352.576939,2928.199485,2352.576939,2352.576939,-2928.199485,-2352.576939,2928.199485
0.000000,0.000000,-2925.063225,-2353.473557,2925.063225,2353.473557,2353.473557,-2925.063225,-2353.473557,2925.063225
0.000000,0.000000,-2921.924199,-2354.367950,2921.924199,2354.367950,2354.367950,-2921.924199,-2354.367950,2921.924199
0.000000,0.000000,-2918.782404,-2355.260114,2918.782404,2355.260114,2355.260114,-2918.782404,-2355.260114,2918.782404
0.000000,0.000000,-2915.637840,-2356.150045,2915.637840,2356.150045,2356.150045,-2915.637840,-2356.150045,2915.637840
0.000000,0.000000,-2912.490506,-2357.037739,2912.490506,2357.037739,2357.037739,-2912.490506,-2357.037739,2912.490506
0.000000,0.000000,-2909.340399,-2357.923191,2909.340399,2357.923191,2357.923191,-2909.340399,-2357.923191,2909.340399
0.000000,0.000000,-2906.187520,-2358.806398,2906.187520,2358.806398,2358.806398,-2906.187520,-2358.806398,2906.187520
0.000000,0.000000,-2903.031867,-2359.687354,2903.031867,2359.687354,2359.687354,-2903.031867,-2359.687354,2903.031867
0.000000,0.000000,-2899.873438,-2360.566057,2899.873438,2360.566057,2360.566057,-2899.873438,-2360.566057,2899.873438
0.000000,0.000000,-2896.712232,-2361.442500,2896.712232,2361.442500,2361.442500,-2896.712232,-2361.442500,2896.712232
0.000000,0.000000,-2893.548249,-2362.316681,2893.548249,2362.316681,2362.316681,-2893.548249,-2362.316681,2893.548249
0.000000,0.000000,-2890.381487,-2363.188595,2890.381487,2363.188595,2363.188595,-2890.381487,-2363.188595,2890.381487
0.000000,0.000000,-2887.211945,-2364.058238,2887.211945,2364.058238,2364.058238,-2887.211945,-2364.058238,2887.211945
0.000000,0.000000,-2884.039622,-2364.925604,2884.039622,2364.925604,2364.925604,-2884.039622,-2364.925604,2884.039622
0.000000,0.000000,-2880.864516,-2365.790691,2880.864516,2365.790691,2365.790691,-2880.864516,-2365.790691,2880.864516
0.000000,0.000000,-2877.686626,-2366.653494,2877.686626,2366.653494,2366.653494,-2877.686626,-2366.653494,2877.686626
0.000000,0.000000,-2874.505951,-2367.514007,2874.505951,2367.514007,2367.514007,-2874.505951,-2367.514007,2874.505951
0.000000,0.000000,-2871.322490,-2368.372228,2871.322490,2368.372228,2368.372228,-2871.322490,-2368.372228,2871.322490
0.000000,0.000000,-2868.136242,-2369.228151,2868.136242,2369.228151,2369.228151,-2868.136242,-2369.228151,2868.136242
0.000000,0.000000,-2864.947205,-2370.081773,2864.947205,2370.081773,2370.081773,-2864.947205,-2370.081773,2864.947205
0.000000,0.000000,-2861.755379,-2370.933088,2861.755379,2370.933088,2370.933088,-2861.755379,-2370.933088,2861.755379
0.000000,0.000000,-2858.560761,-2371.782092,2858.560761,2371.782092,2371.782092,-2858.560761,-2371.782092,2858.560761
0.000000,0.000000,-2855.363352,-2372.628782,2855.363352,2372.628782,2372.628782,-2855.363352,-2372.628782,2855.363352
0.000000,0.000000,-2852.163149,-2373.473152,2852.163149,2373.473152,2373.473152,-2852.163149,-2373.473152,2852.163149
0.000000,0.000000,-2848.960151,-2374.315199,2848.960151,2374.315199,2374.315199,-2848.960151,-2374.315199,2848.960151
0.000000,0.000000,-2845.754358,-2375.154917,2845.754358,2375.154917,2375.154917,-2845.754358,-2375.154917,2845.754358
0.000000,0.000000,-2842.545767,-2375.992302,2842.545767,2375.992302,2375.992302,-2842.545767,-2375.992302,2842.545767
0.000000,0.000000,-2839.334379,-2376.827351,2839.334379,2376.827351,2376.827351,-2839.334379,-2376.827351,2839.334379
0.000000,0.000000,-2836.120191,-2377.660057,2836.120191,2377.660057,2377.660057,-2836.120191,-2377.660057,2836.120191
0.000000,0.000000,-2832.903202,-2378.490417,2832.903202,2378.490417,2378.490417,-2832.903202,-2378.490417,2832.903202
0.000000,0.000000,-2829.683412,-2379.318427,2829.683412,2379.318427,2379.318427,-2829.683412,-2379.318427,2829.683412
0.000000,0.000000,-2826.460818,-2380.144082,2826.460818,2380.144082,2380.144082,-2826.460818,-2380.144082,2826.460818
0.000000,0.000000,-2823.235420,-2380.967377,2823.235420,2380.967377,2380.967377,-2823.235420,-2380.967377,2823.235420
0.000000,0.000000,-2820.007217,-2381.788308,2820.007217,2381.788308,2381.788308,-2820.007217,-2381.788308,2820.007217
0.000000,0.000000,-2816.776208,-2382.606870,2816.776208,2382.606870,2382.606870,-2816.776208,-2382.606870,2816.776208
0.000000,0.000000,-2813.542390,-2383.423058,2813.542390,2383.423058,2383.423058,-2813.542390,-2383.423058,2813.542390
0.000000,0.000000,-2810.305763,-2384.236869,2810.305763,2384.236869,2384.236869,-2810.305763,-2384.236869,2810.305763
0.000000,0.000000,-2807.066327,-2385.048298,2807.066327,2385.048298,2385.048298,-2807.066327,-2385.048298,2807.066327
0.000000,0.000000,-2803.824078,-2385.857339,2803.824078,2385.857339,2385.857339,-2803.824078,-2385.857339,2803.824078
0.000000,0.000000,-2800.579017,-2386.663989,2800.579017,2386.663989,2386.663989,-2800.579017,-2386.663989,2800.579017
0.000000,0.000000,-2797.331142,-2387.468243,2797.331142,2387.468243,2387.468243,-2797.331142,-2387.468243,2797.331142
0.000000,0.000000,-2794.080452,-2388.270095,2794.080452,2388.270095,2388.270095,-2794.080452,-2388.270095,2794.080452
0.000000,0.000000,-2790.826946,-2389.069543,2790.826946,2389.069543,2389.069543,-2790.826946,-2389.069543,2790.826946
0.000000,0.000000,-2787.570622,-2389.866580,2787.570622,2389.866580,2389.866580,-2787.570622,-2389.866580,2787.570622
0.000000,0.000000,-2784.311480,-2390.661203,2784.311480,2390.661203,2390.661203,-2784.311480,-2390.661203,2784.311480
0.000000,0.000000,-2781.049517,-2391.453406,2781.049517,2391.453406,2391.453406,-2781.049517,-2391.453406,2781.049517
0.000000,0.000000,-2777.784733,-2392.243185,2777.784733,2392.243185,2392.243185,-2777.784733,-2392.243185,2777.784733
0.000000,0.000000,-2774.517128,-2393.030535,2774.517128,2393.030535,2393.030535,-2774.517128,-2393.030535,2774.517128
0.000000,0.000000,-2771.246698,-2393.815451,2771.246698,2393.815451,2393.815451,-2771.246698,-2393.815451,2771.246698
0.000000,0.000000,-2767.973444,-2394.597930,2767.973444,2394.597930,2394.597930,-2767.973444,-2394.597930,2767.973444
0.000000,0.000000,-2764.697363,-2395.377965,2764.697363,2395.377965,2395.377965,-2764.697363,-2395.377965,2764.697363
0.000000,0.000000,-2761.418456,-2396.155553,2761.418456,2396.155553,2396.155553,-2761.418456,-2396.155553,2761.418456
0.000000,0.000000,-2758.136720,-2396.930689,2758.136720,2396.930689,2396.930689,-2758.136720,-2396.930689,2758.136720
0.000000,0.000000,-2754.852155,-2397.703367,2754.852155,2397.703367,2397.703367,-2754.852155,-2397.703367,2754.852155
0.000000,0.000000,-2751.564758,-2398.473583,2751.564758,2398.473583,2398.473583,-2751.564758,-2398.473583,2751.564758
0.000000,0.000000,-2748.274530,-2399.241333,2748.274530,2399.241333,2399.241333,-2748.274530,-2399.241333,2748.274530
0.000000,0.000000,-2744.981468,-2400.006611,2744.981468,2400.006611,2400.006611,-2744.981468,-2400.006611,2744.981468
0.000000,0.000000,-2741.685572,-2400.769412,2741.685572,2400.769412,2400.769412,-2741.685572,-2400.769412,2741.685572
0.000000,0.000000,-2738.386841,-2401.529733,2738.386841,2401.529733,2401.529733,-2738.386841,-2401.529733,2738.386841
0.000000,0.000000,-2735.085272,-2402.287567,2735.085272,2402.287567,2402.287567,-2735.085272,-2402.287567,2735.085272
0.000000,0.000000,-2731.780866,-2403.042911,2731.780866,2403.042911,2403.042911,-2731.780866,-2403.042911,2731.780866
0.000000,0.000000,-2728.473620,-2403.795759,2728.473620,2403.795759,2403.795759,-2728.473620,-2403.795759,2728.473620
0.000000,0.000000,-2725.163534,-2404.546106,2725.163534,2404.546106,2404.546106,-2725.163534,-2404.546106,2725.163534
0.000000,0.000000,-2721.850605,-2405.293948,2721.850605,2405.293948,2405.293948,-2721.850605,-2405.293948,2721.850605
0.000000,0.000000,-2718.534835,-2406.039279,2718.534835,2406.039279,2406.039279,-2718.534835,-2406.039279,2718.534835
0.000000,0.000000,-2715.216219,-2406.782096,2715.216219,2406.782096,2406.782096,-2715.216219,-2406.782096,2715.216219
0.000000,0.000000,-2711.894759,-2407.522392,2711.894759,2407.522392,2407.522392,-2711.894759,-2407.522392,2711.894759
0.000000,0.000000,-2708.570452,-2408.260163,2708.570452,2408.260163,2408.260163,-2708.570452,-2408.260163,2708.570452
0.000000,0.000000,-2705.243297,-2408.995404,2705.243297,2408.995404,2408.995404,-2705.243297,-2408.995404,2705.243297
0.000000,0.000000,-2701.913294,-2409.728109,2701.913294,2409.728109,2409.728109,-2701.913294,-2409.728109,2701.913294
0.000000,0.000000,-2698.580440,-2410.458275,2698.580440,2410.458275,2410.458275,-2698.580440,-2410.458275,2698.580440
0.000000,0.000000,-2695.244735,-2411.185896,2695.244735,2411.185896,2411.185896,-2695.244735,-2411.185896,2695.244735
0.000000,0.000000,-2691.906177,-2411.910967,2691.906177,2411.910967,2411.910967,-2691.906177,-2411.910967,2691.906177
0.000000,0.000000,-2688.564765,-2412.633483,2688.564765,2412.633483,2412.633483,-2688.564765,-2412.633483,2688.564765
0.000000,0.000000,-2685.220499,-2413.353439,2685.220499,2413.353439,2413.353439,-2685.220499,-2413.353439,2685.220499
0.000000,0.000000,-2681.873376,-2414.070830,2681.873376,2414.070830,2414.070830,-2681.873376,-2414.070830,2681.873376
0.000000,0.000000,-2678.523396,-2414.785651,2678.523396,2414.785651,2414.785651,-2678.523396,-2414.785651,2678.523396
0.000000,0.000000,-2675.170557,-2415.497896,2675.170557,2415.497896,2415.497896,-2675.170557,-2415.497896,2675.170557
0.000000,0.000000,-2671.814859,-2416.207562,2671.814859,2416.207562,2416.207562,-2671.814859,-2416.207562,2671.814859
0.000000,0.000000,-2668.456299,-2416.914642,2668.456299,2416.914642,2416.914642,-2668.456299,-2416.914642,2668.456299
0.000000,0.000000,-2665.094877,-2417.619131,2665.094877,2417.619131,2417.619131,-2665.094877,-2417.619131,2665.094877
0.000000,0.000000,-2661.730592,-2418.321025,2661.730592,2418.321025,2418.321025,-2661.730592,-2418.321025,2661.730592
0.000000,0.000000,-2658.363442,-2419.020319,2658.363442,2419.020319,2419.020319,-2658.363442,-2419.020319,2658.363442
0.000000,0.000000,-2654.993426,-2419.717006,2654.993426,2419.717006,2419.717006,-2654.993426,-2419.717006,2654.993426
0.000000,0.000000,-2651.620543,-2420.411083,2651.620543,2420.411083,2420.411083,-2651.620543,-2420.411083,2651.620543
0.000000,0.000000,-2648.244792,-2421.102544,2648.244792,2421.102544,2421.102544,-2648.244792,-2421.102544,2648.244792
0.000000,0.000000,-2644.866171,-2421.791383,2644.866171,2421.791383,2421.791383,-2644.866171,-2421.791383,2644.866171
0.000000,0.000000,-2641.484680,-2422.477596,2641.484680,2422.477596,2422.477596,-2641.484680,-2422.477596,2641.484680
0.000000,0.000000,-2638.100317,-2423.161177,2638.100317,2423.161177,2423.161177,-2638.100317,-2423.161177,2638.100317
0.000000,0.000000,-2634.713081,-2423.842121,2634.713081,2423.842121,2423.842121,-2634.713081,-2423.842121,2634.713081
0.000000,0.000000,-2631.322970,-2424.520423,2631.322970,2424.520423,2424.520423,-2631.322970,-2424.520423,2631.322970
0.000000,0.000000,-2627.929984,-2425.196077,2627.929984,2425.196077,2425.196077,-2627.929984,-2425.196077,2627.929984
0.000000,0.000000,-2624.534122,-2425.869079,2624.534122,2425.869079,2425.869079,-2624.534122,-2425.869079,2624.534122
0.000000,0.000000,-2621.135381,-2426.539423,2621.135381,2426.539423,2426.539423,-2621.135381,-2426.539423,2621.135381
0.000000,0.000000,-2617.733762,-2427.207104,2617.733762,2427.207104,2427.207104,-2617.733762,-2427.207104,2617.733762
0.000000,0.000000,-2614.329262,-2427.872116,2614.329262,2427.872116,2427.872116,-2614.329262,-2427.872116,2614.329262
0.000000,0.000000,-2610.921880,-2428.534454,2610.921880,2428.534454,2428.534454,-2610.921880,-2428.534454,2610.921880
0.000000,0.000000,-2607.511616,-2429.194113,2607.511616,2429.194113,2429.194113,-2607.511616,-2429.194113,2607.511616
0.000000,0.000000,-2604.098468,-2429.851088,2604.098468,2429.851088,2429.851088,-2604.098468,-2429.851088,2604.098468
0.000000,0.000000,-2600.682435,-2430.505372,2600.682435,2430.505372,2430.505372,-2600.682435,-2430.505372,2600.682435
0.000000,0.000000,-2597.263516,-2431.156962,2597.263516,2431.156962,2431.156962,-2597.263516,-2431.156962,2597.263516
0.000000,0.000000,-2593.841709,-2431.805850,2593.841709,2431.805850,2431.805850,-2593.841709,-2431.805850,2593.841709
0.000000,0.000000,-2590.417014,-2432.452033,2590.417014,2432.452033,2432.452033,-2590.417014,-2432.452033,2590.417014
0.000000,0.000000,-2586.989429,-2433.095504,2586.989429,2433.095504,2433.095504,-2586.989429,-2433.095504,2586.989429
0.000000,0.000000,-2583.558952,-2433.736258,2583.558952,2433.736258,2433.736258,-2583.558952,-2433.736258,2583.558952
0.000000,0.000000,-2580.125584,-2434.374290,2580.125584,2434.374290,2434.374290,-2580.125584,-2434.374290,2580.125584
0.000000,0.000000,-2576.689322,-2435.009594,2576.689322,2435.009594,2435.009594,-2576.689322,-2435.009594,2576.689322
0.000000,0.000000,-2573.250165,-2435.642165,2573.250165,2435.642165,2435.642165,-2573.250165,-2435.642165,2573.250165
0.000000,0.000000,-2569.808113,-2436.271997,2569.808113,2436.271997,2436.271997,-2569.808113,-2436.271997,2569.808113
0.000000,0.000000,-2566.363163,-2436.899085,2566.363163,2436.899085,2436.899085,-2566.363163,-2436.899085,2566.363163
0.000000,0.000000,-2562.915316,-2437.523423,2562.915316,2437.523423,2437.523423,-2562.915316,-2437.523423,2562.915316
0.000000,0.000000,-2559.464568,-2438.145005,2559.464568,2438.145005,2438.145005,-2559.464568,-2438.145005,2559.464568
0.000000,0.000000,-2556.010921,-2438.763827,2556.010921,2438.763827,2438.763827,-2556.010921,-2438.763827,2556.010921
0.000000,0.000000,-2552.554371,-2439.379882,2552.554371,2439.379882,2439.379882,-2552.554371,-2439.379882,2552.554371
0.000000,0.000000,-2549.094919,-2439.993165,2549.094919,2439.993165,2439.993165,-2549.094919,-2439.993165,2549.094919
0.000000,0.000000,-2545.632562,-2440.603671,2545.632562,2440.603671,2440.603671,-2545.632562,-2440.603671,2545.632562
0.000000,0.000000,-2542.167300,-2441.211393,2542.167300,2441.211393,2441.211393,-2542.167300,-2441.211393,2542.167300
0.000000,0.000000,-2538.699132,-2441.816326,2538.699132,2441.816326,2441.816326,-2538.699132,-2441.816326,2538.699132
0.000000,0.000000,-2535.228056,-2442.418465,2535.228056,2442.418465,2442.418465,-2535.228056,-2442.418465,2535.228056
0.000000,0.000000,-2531.754071,-2443.017804,2531.754071,2443.017804,2443.017804,-2531.754071,-2443.017804,2531.754071
0.000000,0.000000,-2528.277176,-2443.614337,2528.277176,2443.614337,2443.614337,-2528.277176,-2443.614337,2528.277176
0.000000,0.000000,-2524.797369,-2444.208059,2524.797369,2444.208059,2444.208059,-2524.797369,-2444.208059,2524.797369
0.000000,0.000000,-2521.314651,-2444.798963,2521.314651,2444.798963,2444.798963,-2521.314651,-2444.798963,2521.314651
0.000000,0.000000,-2517.829018,-2445.387045,2517.829018,2445.387045,2445.387045,-2517.829018,-2445.387045,2517.829018
0.000000,0.000000,-2514.340471,-2445.972298,2514.340471,2445.972298,2445.972298,-2514.340471,-2445.972298,2514.340471
0.000000,0.000000,-2510.849008,-2446.554716,2510.849008,2446.554716,2446.554716,-2510.849008,-2446.554716,2510.849008
0.000000,0.000000,-2507.354628,-2447.134294,2507.354628,2447.134294,2447.134294,-2507.354628,-2447.134294,2507.354628
0.000000,0.000000,-2503.857329,-2447.711027,2503.857329,2447.711027,2447.711027,-2503.857329,-2447.711027,2503.857329
0.000000,0.000000,-2500.357111,-2448.284908,2500.357111,2448.284908,2448.284908,-2500.357111,-2448.284908,2500.357111
0.000000,0.000000,-2496.853972,-2448.855931,2496.853972,2448.855931,2448.855931,-2496.853972,-2448.855931,2496.853972
0.000000,0.000000,-2493.347912,-2449.424091,2493.347912,2449.424091,2449.424091,-2493.347912,-2449.424091,2493.347912
0.000000,0.000000,-2489.838928,-2449.989381,2489.838928,2449.989381,2449.989381,-2489.838928,-2449.989381,2489.838928
0.000000,0.000000,-2486.327021,-2450.551797,2486.327021,2450.551797,2450.551797,-2486.327021,-2450.551797,2486.327021
0.000000,0.000000,-2482.812188,-2451.111332,2482.812188,2451.111332,2451.111332,-2482.812188,-2451.111332,2482.812188
0.000000,0.000000,-2479.294428,-2451.667980,2479.294428,2451.667980,2451.667980,-2479.294428,-2451.667980,2479.294428
0.000000,0.000000,-2475.773741,-2452.221735,2475.773741,2452.221735,2452.221735,-2475.773741,-2452.221735,2475.773741
0.000000,0.000000,-2472.250125,-2452.772592,2472.250125,2452.772592,2452.772592,-2472.250125,-2452.772592,2472.250125
0.000000,0.000000,-2468.723579,-2453.320545,2468.723579,2453.320545,2453.320545,-2468.723579,-2453.320545,2468.723579
0.000000,0.000000,-2465.194101,-2453.865586,2465.194101,2453.865586,2453.865586,-2465.194101,-2453.865586,2465.194101
0.000000,0.000000,-2461.661692,-2454.407712,2461.661692,2454.407712,2454.407712,-2461.661692,-2454.407712,2461.661692
0.000000,0.000000,-2458.126349,-2454.946915,2458.126349,2454.946915,2454.946915,-2458.126349,-2454.946915,2458.126349
0.000000,0.000000,-2454.588071,-2455.483189,2454.588071,2455.483189,2455.483189,-2454.588071,-2455.483189,2454.588071
0.000000,0.000000,-2451.046857,-2456.016529,2451.046857,2456.016529,2456.016529,-2451.046857,-2456.016529,2451.046857
0.000000,0.000000,-2447.502707,-2456.546929,2447.502707,2456.546929,2456.546929,-2447.502707,-2456.546929,2447.502707
0.000000,0.000000,-2443.955618,-2457.074382,2443.955618,2457.074382,2457.074382,-2443.955618,-2457.074382,2443.955618
0.000000,0.000000,-2440.405591,-2457.598883,2440.405591,2457.598883,2457.598883,-2440.405591,-2457.598883,2440.405591
0.000000,0.000000,-2436.852622,-2458.120424,2436.852622,2458.120424,2458.120424,-2436.852622,-2458.120424,2436.852622
0.000000,0.000000,-2433.296712,-2458.639002,2433.296712,2458.639002,2458.639002,-2433.296712,-2458.639002,2433.296712
0.000000,0.000000,-2429.737860,-2459.154608,2429.737860,2459.154608,2459.154608,-2429.737860,-2459.154608,2429.737860
0.000000,0.000000,-2426.176064,-2459.667237,2426.176064,2459.667237,2459.667237,-2426.176064,-2459.667237,2426.176064
0.000000,0.000000,-2422.611322,-2460.176883,2422.611322,2460.176883,2460.176883,-2422.611322,-2460.176883,2422.611322
0.000000,0.000000,-2419.043635,-2460.683540,2419.043635,2460.683540,2460.683540,-2419.043635,-2460.683540,2419.043635
0.000000,0.000000,-2415.473000,-2461.187201,2415.473000,2461.187201,2461.187201,-2415.473000,-2461.187201,2415.473000
0.000000,0.000000,-2411.899417,-2461.687861,2411.899417,2461.687861,2461.687861,-2411.899417,-2461.687861,2411.899417
0.000000,0.000000,-2408.322884,-2462.185512,2408.322884,2462.185512,2462.185512,-2408.322884,-2462.185512,2408.322884
0.000000,0.000000,-2404.743400,-2462.680150,2404.743400,2462.680150,2462.680150,-2404.743400,-2462.680150,2404.743400
0.000000,0.000000,-2401.160965,-2463.171767,2401.160965,2463.171767,2463.171767,-2401.160965,-2463.171767,2401.160965
0.000000,0.000000,-2397.575577,-2463.660357,2397.575577,2463.660357,2463.660357,-2397.575577,-2463.660357,2397.575577
0.000000,0.000000,-2393.987234,-2464.145915,2393.987234,2464.145915,2464.145915,-2393.987234,-2464.145915,2393.987234
0.000000,0.000000,-2390.395937,-2464.628433,2390.395937,2464.628433,2464.628433,-2390.395937,-2464.628433,2390.395937
0.000000,0.000000,-2386.801683,-2465.107906,2386.801683,2465.107906,2465.107906,-2386.801683,-2465.107906,2386.801683
0.000000,0.000000,-2383.204471,-2465.584326,2383.204471,2465.584326,2465.584326,-2383.204471,-2465.584326,2383.204471
0.000000,0.000000,-2379.604301,-2466.057689,2379.604301,2466.057689,2466.057689,-2379.604301,-2466.057689,2379.604301
0.000000,0.000000,-2376.001172,-2466.527986,2376.001172,2466.527986,2466.527986,-2376.001172,-2466.527986,2376.001172
0.000000,0.000000,-2372.395081,-2466.995213,2372.395081,2466.995213,2466.995213,-2372.395081,-2466.995213,2372.395081
0.000000,0.000000,-2368.786028,-2467.459362,2368.786028,2467.459362,2467.459362,-2368.786028,-2467.459362,2368.786028
0.000000,0.000000,-2365.174013,-2467.920428,2365.174013,2467.920428,2467.920428,-2365.174013,-2467.920428,2365.174013
0.000000,0.000000,-2361.559033,-2468.378403,2361.559033,2468.378403,2468.378403,-2361.559033,-2468.378403,2361.559033
0.000000,0.000000,-2357.941087,-2468.833281,2357.941087,2468.833281,2468.833281,-2357.941087,-2468.833281,2357.941087
0.000000,0.000000,-2354.320176,-2469.285056,2354.320176,2469.285056,2469.285056,-2354.320176,-2469.285056,2354.320176
0.000000,0.000000,-2350.696297,-2469.733721,2350.696297,2469.733721,2469.733721,-2350.696297,-2469.733721,2350.696297
0.000000,0.000000,-2347.069449,-2470.179270,2347.069449,2470.179270,2470.179270,-2347.069449,-2470.179270,2347.069449
0.000000,0.000000,-2343.439631,-2470.621696,2343.439631,2470.621696,2470.621696,-2343.439631,-2470.621696,2343.439631
0.000000,0.000000,-2339.806843,-2471.060993,2339.806843,2471.060993,2471.060993,-2339.806843,-2471.060993,2339.806843
0.000000,0.000000,-2336.171082,-2471.497154,2336.171082,2471.497154,2471.497154,-2336.171082,-2471.497154,2336.171082
0.000000,0.000000,-2332.532349,-2471.930172,2332.532349,2471.930172,2471.930172,-2332.532349,-2471.930172,2332.532349
0.000000,0.000000,-2328.890641,-2472.360041,2328.890641,2472.360041,2472.360041,-2328.890641,-2472.360041,2328.890641
0.000000,0.000000,-2325.245959,-2472.786754,2325.245959,2472.786754,2472.786754,-2325.245959,-2472.786754,2325.245959
0.000000,0.000000,-2321.598299,-2473.210305,2321.598299,2473.210305,2473.210305,-2321.598299,-2473.210305,2321.598299
0.000000,0.000000,-2317.947663,-2473.630687,2317.947663,2473.630687,2473.630687,-2317.947663,-2473.630687,2317.947663
0.000000,0.000000,-2314.294048,-2474.047893,2314.294048,2474.047893,2474.047893,-2314.294048,-2474.047893,2314.294048
0.000000,0.000000,-2310.637453,-2474.461917,2310.637453,2474.461917,2474.461917,-2310.637453,-2474.461917,2310.637453
0.000000,0.000000,-2306.977878,-2474.872751,2306.977878,2474.872751,2474.872751,-2306.977878,-2474.872751,2306.977878
0.000000,0.000000,-2303.315321,-2475.280389,2303.315321,2475.280389,2475.280389,-2303.315321,-2475.280389,2303.315321
0.000000,0.000000,-2299.649781,-2475.684825,2299.649781,2475.684825,2475.684825,-2299.649781,-2475.684825,2299.649781
0.000000,0.000000,-2295.981257,-2476.086051,2295.981257,2476.086051,2476.086051,-2295.981257,-2476.086051,2295.981257
0.000000,0.000000,-2292.309749,-2476.484061,2292.309749,2476.484061,2476.484061,-2292.309749,-2476.484061,2292.309749
0.000000,0.000000,-2288.635254,-2476.878847,2288.635254,2476.878847,2476.878847,-2288.635254,-2476.878847,2288.635254
0.000000,0.000000,-2284.957772,-2477.270404,2284.957772,2477.270404,2477.270404,-2284.957772,-2477.270404,2284.957772
0.000000,0.000000,-2281.277302,-2477.658724,2281.277302,2477.658724,2477.658724,-2281.277302,-2477.658724,2281.277302
0.000000,0.000000,-2277.593843,-2478.043800,2277.593843,2478.043800,2478.043800,-2277.593843,-2478.043800,2277.593843
0.000000,0.000000,-2273.907393,-2478.425626,2273.907393,2478.425626,2478.425626,-2273.907393,-2478.425626,2273.907393
0.000000,0.000000,-2270.217952,-2478.804194,2270.217952,2478.804194,2478.804194,-2270.217952,-2478.804194,2270.217952
0.000000,0.000000,-2266.525519,-2479.179498,2266.525519,2479.179498,2479.179498,-2266.525519,-2479.179498,2266.525519
0.000000,0.000000,-2262.830092,-2479.551530,2262.830092,2479.551530,2479.551530,-2262.830092,-2479.551530,2262.830092
0.000000,0.000000,-2259.131671,-2479.920284,2259.131671,2479.920284,2479.920284,-2259.131671,-2479.920284,2259.131671
0.000000,0.000000,-2255.430254,-2480.285753,2255.430254,2480.285753,2480.285753,-2255.430254,-2480.285753,2255.430254
0.000000,0.000000,-2251.725840,-2480.647929,2251.725840,2480.647929,2480.647929,-2251.725840,-2480.647929,2251.725840
0.000000,0.000000,-2248.018429,-2481.006806,2248.018429,2481.006806,2481.006806,-2248.018429,-2481.006806,2248.018429
0.000000,0.000000,-2244.308020,-2481.362376,2244.308020,2481.362376,2481.362376,-2244.308020,-2481.362376,2244.308020
0.000000,0.000000,-2240.594610,-2481.714633,2240.594610,2481.714633,2481.714633,-2240.594610,-2481.714633,2240.594610
0.000000,0.000000,-2236.878200,-2482.063569,2236.878200,2482.063569,2482.063569,-2236.878200,-2482.063569,2236.878200
0.000000,0.000000,-2233.158788,-2482.409177,2233.158788,2482.409177,2482.409177,-2233.158788,-2482.409177,2233.158788
0.000000,0.000000,-2229.436374,-2482.751451,2229.436374,2482.751451,2482.751451,-2229.436374,-2482.751451,2229.436374
0.000000,0.000000,-2225.710955,-2483.090382,2225.710955,2483.090382,2483.090382,-2225.710955,-2483.090382,2225.710955
0.000000,0.000000,-2221.982532,-2483.425964,2221.982532,2483.425964,2483.425964,-2221.982532,-2483.425964,2221.982532
0.000000,0.000000,-2218.251103,-2483.758190,2218.251103,2483.758190,2483.758190,-2218.251103,-2483.758190,2218.251103
0.000000,0.000000,-2214.516667,-2484.087051,2214.516667,2484.087051,2484.087051,-2214.516667,-2484.087051,2214.516667
0.000000,0.000000,-2210.779223,-2484.412542,2210.779223,2484.412542,2484.412542,-2210.779223,-2484.412542,2210.779223
0.000000,0.000000,-2207.038771,-2484.734655,2207.038771,2484.734655,2484.734655,-2207.038771,-2484.734655,2207.038771
0.000000,0.000000,-2203.295308,-2485.053383,2203.295308,2485.053383,2485.053383,-2203.295308,-2485.053383,2203.295308
0.000000,0.000000,-2199.548835,-2485.368717,2199.548835,2485.368717,2485.368717,-2199.548835,-2485.368717,2199.548835
0.000000,0.000000,-2195.799350,-2485.680652,2195.799350,2485.680652,2485.680652,-2195.799350,-2485.680652,2195.799350
0.000000,0.000000,-2192.046852,-2485.989178,2192.046852,2485.989178,2485.989178,-2192.046852,-2485.989178,2192.046852
0.000000,0.000000,-2188.291340,-2486.294291,2188.291340,2486.294291,2486.294291,-2188.291340,-2486.294291,2188.291340
0.000000,0.000000,-2184.532814,-2486.595981,2184.532814,2486.595981,2486.595981,-2184.532814,-2486.595981,2184.532814
0.000000,0.000000,-2180.771271,-2486.894241,2180.771271,2486.894241,2486.894241,-2180.771271,-2486.894241,2180.771271
0.000000,0.000000,-2177.006712,-2487.189064,2177.006712,2487.189064,2487.189064,-2177.006712,-2487.189064,2177.006712
0.000000,0.000000,-2173.239135,-2487.480443,2173.239135,2487.480443,2487.480443,-2173.239135,-2487.480443,2173.239135
0.000000,0.000000,-2169.468539,-2487.768369,2169.468539,2487.768369,2487.768369,-2169.468539,-2487.768369,2169.468539
0.000000,0.000000,-2165.694924,-2488.052836,2165.694924,2488.052836,2488.052836,-2165.694924,-2488.052836,2165.694924
0.000000,0.000000,-2161.918288,-2488.333837,2161.918288,2488.333837,2488.333837,-2161.918288,-2488.333837,2161.918288
0.000000,0.000000,-2158.138631,-2488.611362,2158.138631,2488.611362,2488.611362,-2158.138631,-2488.611362,2158.138631
0.000000,0.000000,-2154.355951,-2488.885406,2154.355951,2488.885406,2488.885406,-2154.355951,-2488.885406,2154.355951
0.000000,0.000000,-2150.570247,-2489.155959,2150.570247,2489.155959,2489.155959,-2150.570247,-2489.155959,2150.570247
0.000000,0.000000,-2146.781519,-2489.423016,2146.781519,2489.423016,2489.423016,-2146.781519,-2489.423016,2146.781519
0.000000,0.000000,-2142.989766,-2489.686567,2142.989766,2489.686567,2489.686567,-2142.989766,-2489.686567,2142.989766
0.000000,0.000000,-2139.194986,-2489.946606,2139.194986,2489.946606,2489.946606,-2139.194986,-2489.946606,2139.194986
0.000000,0.000000,-2135.397179,-2490.203124,2135.397179,2490.203124,2490.203124,-2135.397179,-2490.203124,2135.397179
0.000000,0.000000,-2131.596344,-2490.456114,2131.596344,2490.456114,2490.456114,-2131.596344,-2490.456114,2131.596344
0.000000,0.000000,-2127.792480,-2490.705569,2127.792480,2490.705569,2490.705569,-2127.792480,-2490.705569,2127.792480
0.000000,0.000000,-2123.985586,-2490.951480,2123.985586,2490.951480,2490.951480,-2123.985586,-2490.951480,2123.985586
0.000000,0.000000,-2120.175660,-2491.193840,2120.175660,2491.193840,2491.193840,-2120.175660,-2491.193840,2120.175660
0.000000,0.000000,-2116.362703,-2491.432641,2116.362703,2491.432641,2491.432641,-2116.362703,-2491.432641,2116.362703
0.000000,0.000000,-2112.546713,-2491.667875,2112.546713,2491.667875,2491.667875,-2112.546713,-2491.667875,2112.546713
0.000000,0.000000,-2108.727690,-2491.899534,2108.727690,2491.899534,2491.899534,-2108.727690,-2491.899534,2108.727690
0.000000,0.000000,-2104.905632,-2492.127611,2104.905632,2492.127611,2492.127611,-2104.905632,-2492.127611,2104.905632
0.000000,0.000000,-2101.080538,-2492.352097,2101.080538,2492.352097,2492.352097,-2101.080538,-2492.352097,2101.080538
0.000000,0.000000,-2097.252408,-2492.572985,2097.252408,2492.572985,2492.572985,-2097.252408,-2492.572985,2097.252408
0.000000,0.000000,-2093.421241,-2492.790266,2093.421241,2492.790266,2492.790266,-2093.421241,-2492.790266,2093.421241
0.000000,0.000000,-2089.587035,-2493.003933,2089.587035,2493.003933,2493.003933,-2089.587035,-2493.003933,2089.587035
0.000000,0.000000,-2085.749791,-2493.213978,2085.749791,2493.213978,2493.213978,-2085.749791,-2493.213978,2085.749791
0.000000,0.000000,-2081.909507,-2493.420393,2081.909507,2493.420393,2493.420393,-2081.909507,-2493.420393,2081.909507
0.000000,0.000000,-2078.066182,-2493.623170,2078.066182,2493.623170,2493.623170,-2078.066182,-2493.623170,2078.066182
0.000000,0.000000,-2074.219815,-2493.822300,2074.219815,2493.822300,2493.822300,-2074.219815,-2493.822300,2074.219815
0.000000,0.000000,-2070.370406,-2494.017775,2070.370406,2494.017775,2494.017775,-2070.370406,-2494.017775,2070.370406
0.000000,0.000000,-2066.517954,-2494.209589,2066.517954,2494.209589,2494.209589,-2066.517954,-2494.209589,2066.517954
0.000000,0.000000,-2062.662457,-2494.397731,2062.662457,2494.397731,2494.397731,-2062.662457,-2494.397731,2062.662457
0.000000,0.000000,-2058.803915,-2494.582195,2058.803915,2494.582195,2494.582195,-2058.803915,-2494.582195,2058.803915
0.000000,0.000000,-2054.942328,-2494.762972,2054.942328,2494.762972,2494.762972,-2054.942328,-2494.762972,2054.942328
0.000000,0.000000,-2051.077694,-2494.940053,2051.077694,2494.940053,2494.940053,-2051.077694,-2494.940053,2051.077694
0.000000,0.000000,-2047.210012,-2495.113432,2047.210012,2495.113432,2495.113432,-2047.210012,-2495.113432,2047.210012
0.000000,0.000000,-2043.339282,-2495.283098,2043.339282,2495.283098,2495.283098,-2043.339282,-2495.283098,2043.339282
0.000000,0.000000,-2039.465503,-2495.449045,2039.465503,2495.449045,2495.449045,-2039.465503,-2495.449045,2039.465503
0.000000,0.000000,-2035.588674,-2495.611263,2035.588674,2495.611263,2495.611263,-2035.588674,-2495.611263,2035.588674
0.000000,0.000000,-2031.708794,-2495.769745,2031.708794,2495.769745,2495.769745,-2031.708794,-2495.769745,2031.708794
0.000000,0.000000,-2027.825863,-2495.924482,2027.825863,2495.924482,2495.924482,-2027.825863,-2495.924482,2027.825863
0.000000,0.000000,-2023.939879,-2496.075466,2023.939879,2496.075466,2496.075466,-2023.939879,-2496.075466,2023.939879
0.000000,0.000000,-2020.050842,-2496.222688,2020.050842,2496.222688,2496.222688,-2020.050842,-2496.222688,2020.050842
0.000000,0.000000,-2016.158751,-2496.366140,2016.158751,2496.366140,2496.366140,-2016.158751,-2496.366140,2016.158751
0.000000,0.000000,-2012.263605,-2496.505813,2012.263605,2496.505813,2496.505813,-2012.263605,-2496.505813,2012.263605
0.000000,0.000000,-2008.365404,-2496.641700,2008.365404,2496.641700,2496.641700,-2008.365404,-2496.641700,2008.365404
0.000000,0.000000,-2004.464147,-2496.773791,2004.464147,2496.773791,2496.773791,-2004.464147,-2496.773791,2004.464147
0.000000,0.000000,-2000.559832,-2496.902078,2000.559832,2496.902078,2496.902078,-2000.559832,-2496.902078,2000.559832
0.000000,0.000000,-1996.652460,-2497.026552,1996.652460,2497.026552,2497.026552,-1996.652460,-2497.026552,1996.652460
0.000000,0.000000,-1992.742029,-2497.147205,1992.742029,2497.147205,2497.147205,-1992.742029,-2497.147205,1992.742029
0.000000,0.000000,-1988.828539,-2497.264028,1988.828539,2497.264028,2497.264028,-1988.828539,-2497.264028,1988.828539
0.000000,0.000000,-1984.911989,-2497.377013,1984.911989,2497.377013,2497.377013,-1984.911989,-2497.377013,1984.911989
0.000000,0.000000,-1980.992379,-2497.486151,1980.992379,2497.486151,2497.486151,-1980.992379,-2497.486151,1980.992379
0.000000,0.000000,-1977.069707,-2497.591433,1977.069707,2497.591433,2497.591433,-1977.069707,-2497.591433,1977.069707
0.000000,0.000000,-1973.143972,-2497.692851,1973.143972,2497.692851,2497.692851,-1973.143972,-2497.692851,1973.143972
0.000000,0.000000,-1969.215175,-2497.790395,1969.215175,2497.790395,2497.790395,-1969.215175,-2497.790395,1969.215175
0.000000,0.000000,-1965.283314,-2497.884057,1965.283314,2497.884057,2497.884057,-1965.283314,-2497.884057,1965.283314
0.000000,0.000000,-1961.348389,-2497.973829,1961.348389,2497.973829,2497.973829,-1961.348389,-2497.973829,1961.348389
0.000000,0.000000,-1957.410399,-2498.059701,1957.410399,2498.059701,2498.059701,-1957.410399,-2498.059701,1957.410399
0.000000,0.000000,-1953.469343,-2498.141664,1953.469343,2498.141664,2498.141664,-1953.469343,-2498.141664,1953.469343
0.000000,0.000000,-1949.525221,-2498.219710,1949.525221,2498.219710,2498.219710,-1949.525221,-2498.219710,1949.525221
0.000000,0.000000,-1945.578031,-2498.293830,1945.578031,2498.293830,2498.293830,-1945.578031,-2498.293830,1945.578031
0.000000,0.000000,-1941.627774,-2498.364015,1941.627774,2498.364015,2498.364015,-1941.627774,-2498.364015,1941.627774
0.000000,0.000000,-1937.674449,-2498.430256,1937.674449,2498.430256,2498.430256,-1937.674449,-2498.430256,1937.674449
0.000000,0.000000,-1933.718055,-2498.492543,1933.718055,2498.492543,2498.492543,-1933.718055,-2498.492543,1933.718055
0.000000,0.000000,-1929.758591,-2498.550869,1929.758591,2498.550869,2498.550869,-1929.758591,-2498.550869,1929.758591
0.000000,0.000000,-1925.796056,-2498.605223,1925.796056,2498.605223,2498.605223,-1925.796056,-2498.605223,1925.796056
0.000000,0.000000,-1921.830451,-2498.655597,1921.830451,2498.655597,2498.655597,-1921.830451,-2498.655597,1921.830451
0.000000,0.000000,-1917.861774,-2498.701982,1917.861774,2498.701982,2498.701982,-1917.861774,-2498.701982,1917.861774
0.000000,0.000000,-1913.890025,-2498.744369,1913.890025,2498.744369,2498.744369,-1913.890025,-2498.744369,1913.890025
0.000000,0.000000,-1909.915204,-2498.782747,1909.915204,2498.782747,2498.782747,-1909.915204,-2498.782747,1909.915204
0.000000,0.000000,-1905.937308,-2498.817109,1905.937308,2498.817109,2498.817109,-1905.937308,-2498.817109,1905.937308
0.000000,0.000000,-1901.956339,-2498.847445,1901.956339,2498.847445,2498.847445,-1901.956339,-2498.847445,1901.956339
0.000000,0.000000,-1897.972296,-2498.873746,1897.972296,2498.873746,2498.873746,-1897.972296,-2498.873746,1897.972296
0.000000,0.000000,-1893.985177,-2498.896002,1893.985177,2498.896002,2498.896002,-1893.985177,-2498.896002,1893.985177
0.000000,0.000000,-1889.994982,-2498.914205,1889.994982,2498.914205,2498.914205,-1889.994982,-2498.914205,1889.994982
0.000000,0.000000,-1886.001711,-2498.928344,1886.001711,2498.928344,2498.928344,-1886.001711,-2498.928344,1886.001711
0.000000,0.000000,-1882.005364,-2498.938411,1882.005364,2498.938411,2498.938411,-1882.005364,-2498.938411,1882.005364
0.000000,0.000000,-1878.005938,-2498.944396,1878.005938,2498.944396,2498.944396,-1878.005938,-2498.944396,1878.005938
0.000000,0.000000,-1874.003435,-2498.946290,1874.003435,2498.946290,2498.946290,-1874.003435,-2498.946290,1874.003435
0.000000,0.000000,-1869.997854,-2498.944083,1869.997854,2498.944083,2498.944083,-1869.997854,-2498.944083,1869.997854
0.000000,0.000000,-1865.989193,-2498.937766,1865.989193,2498.937766,2498.937766,-1865.989193,-2498.937766,1865.989193
0.000000,0.000000,-1861.977453,-2498.927329,1861.977453,2498.927329,2498.927329,-1861.977453,-2498.927329,1861.977453
0.000000,0.000000,-1857.962633,-2498.912763,1857.962633,2498.912763,2498.912763,-1857.962633,-2498.912763,1857.962633
0.000000,0.000000,-1853.944733,-2498.894059,1853.944733,2498.894059,2498.894059,-1853.944733,-2498.894059,1853.944733
0.000000,0.000000,-1849.923751,-2498.871206,1849.923751,2498.871206,2498.871206,-1849.923751,-2498.871206,1849.923751
0.000000,0.000000,-1845.899688,-2498.844194,1845.899688,2498.844194,2498.844194,-1845.899688,-2498.844194,1845.899688
0.000000,0.000000,-1841.872543,-2498.813016,1841.872543,2498.813016,2498.813016,-1841.872543,-2498.813016,1841.872543
0.000000,0.000000,-1837.842315,-2498.777660,1837.842315,2498.777660,2498.777660,-1837.842315,-2498.777660,1837.842315
0.000000,0.000000,-1833.809005,-2498.738117,1833.809005,2498.738117,2498.738117,-1833.809005,-2498.738117,1833.809005
0.000000,0.000000,-1829.772611,-2498.694377,1829.772611,2498.694377,2498.694377,-1829.772611,-2498.694377,1829.772611
0.000000,0.000000,-1825.733133,-2498.646430,1825.733133,2498.646430,2498.646430,-1825.733133,-2498.646430,1825.733133
0.000000,0.000000,-1821.690572,-2498.594267,1821.690572,2498.594267,2498.594267,-1821.690572,-2498.594267,1821.690572
0.000000,0.000000,-1817.644925,-2498.537878,1817.644925,2498.537878,2498.537878,-1817.644925,-2498.537878,1817.644925
0.000000,0.000000,-1813.596194,-2498.477253,1813.596194,2498.477253,2498.477253,-1813.596194,-2498.477253,1813.596194
0.000000,0.000000,-1809.544377,-2498.412382,1809.544377,2498.412382,2498.412382,-1809.544377,-2498.412382,1809.544377
0.000000,0.000000,-1805.489474,-2498.343255,1805.489474,2498.343255,2498.343255,-1805.489474,-2498.343255,1805.489474
0.000000,0.000000,-1801.431485,-2498.269862,1801.431485,2498.269862,2498.269862,-1801.431485,-2498.269862,1801.431485
0.000000,0.000000,-1797.370409,-2498.192194,1797.370409,2498.192194,2498.192194,-1797.370409,-2498.192194,1797.370409
0.000000,0.000000,-1793.306246,-2498.110239,1793.306246,2498.110239,2498.110239,-1793.306246,-2498.110239,1793.306246
0.000000,0.000000,-1789.238996,-2498.023989,1789.238996,2498.023989,2498.023989,-1789.238996,-2498.023989,1789.238996
0.000000,0.000000,-1785.168658,-2497.933432,1785.168658,2497.933432,2497.933432,-1785.168658,-2497.933432,1785.168658
0.000000,0.000000,-1781.095233,-2497.838559,1781.095233,2497.838559,2497.838559,-1781.095233,-2497.838559,1781.095233
0.000000,0.000000,-1777.018718,-2497.739360,1777.018718,2497.739360,2497.739360,-1777.018718,-2497.739360,1777.018718
0.000000,0.000000,-1772.939116,-2497.635825,1772.939116,2497.635825,2497.635825,-1772.939116,-2497.635825,1772.939116
0.000000,0.000000,-1768.856424,-2497.527943,1768.856424,2497.527943,2497.527943,-1768.856424,-2497.527943,1768.856424
0.000000,0.000000,-1764.770643,-2497.415703,1764.770643,2497.415703,2497.415703,-1764.770643,-2497.415703,1764.770643
0.000000,0.000000,-1760.681772,-2497.299097,1760.681772,2497.299097,2497.299097,-1760.681772,-2497.299097,1760.681772
0.000000,0.000000,-1756.589812,-2497.178113,1756.589812,2497.178113,2497.178113,-1756.589812,-2497.178113,1756.589812
0.000000,0.000000,-1752.494761,-2497.052741,1752.494761,2497.052741,2497.052741,-1752.494761,-2497.052741,1752.494761
0.000000,0.000000,-1748.396620,-2496.922971,1748.396620,2496.922971,2496.922971,-1748.396620,-2496.922971,1748.396620
0.000000,0.000000,-1744.295388,-2496.788792,1744.295388,2496.788792,2496.788792,-1744.295388,-2496.788792,1744.295388
0.000000,0.000000,-1740.191066,-2496.650194,1740.191066,2496.650194,2496.650194,-1740.191066,-2496.650194,1740.191066
0.000000,0.000000,-1736.083652,-2496.507166,1736.083652,2496.507166,2496.507166,-1736.083652,-2496.507166,1736.083652
0.000000,0.000000,-1731.973147,-2496.359698,1731.973147,2496.359698,2496.359698,-1731.973147,-2496.359698,1731.973147
0.000000,0.000000,-1727.859551,-2496.207779,1727.859551,2496.207779,2496.207779,-1727.859551,-2496.207779,1727.859551
0.000000,0.000000,-1723.742863,-2496.051399,1723.742863,2496.051399,2496.051399,-1723.742863,-2496.051399,1723.742863
0.000000,0.000000,-1719.623083,-2495.890547,1719.623083,2495.890547,2495.890547,-1719.623083,-2495.890547,1719.623083
0.000000,0.000000,-1715.500211,-2495.725212,1715.500211,2495.725212,2495.725212,-1715.500211,-2495.725212,1715.500211
0.000000,0.000000,-1711.374247,-2495.555385,1711.374247,2495.555385,2495.555385,-1711.374247,-2495.555385,1711.374247
0.000000,0.000000,-1707.245191,-2495.381053,1707.245191,2495.381053,2495.381053,-1707.245191,-2495.381053,1707.245191
0.000000,0.000000,-1703.113042,-2495.202206,1703.113042,2495.202206,2495.202206,-1703.113042,-2495.202206,1703.113042
0.000000,0.000000,-1698.977801,-2495.018834,1698.977801,2495.018834,2495.018834,-1698.977801,-2495.018834,1698.977801
0.000000,0.000000,-1694.839467,-2494.830925,1694.839467,2494.830925,2494.830925,-1694.839467,-2494.830925,1694.839467
0.000000,0.000000,-1690.698040,-2494.638469,1690.698040,2494.638469,2494.638469,-1690.698040,-2494.638469,1690.698040
0.000000,0.000000,-1686.553520,-2494.441455,1686.553520,2494.441455,2494.441455,-1686.553520,-2494.441455,1686.553520
0.000000,0.000000,-1682.405907,-2494.239872,1682.405907,2494.239872,2494.239872,-1682.405907,-2494.239872,1682.405907
0.000000,0.000000,-1678.255202,-2494.033708,1678.255202,2494.033708,2494.033708,-1678.255202,-2494.033708,1678.255202
0.000000,0.000000,-1674.101403,-2493.822954,1674.101403,2493.822954,2493.822954,-1674.101403,-2493.822954,1674.101403
0.000000,0.000000,-1669.944511,-2493.607598,1669.944511,2493.607598,2493.607598,-1669.944511,-2493.607598,1669.944511
0.000000,0.000000,-1665.784526,-2493.387628,1665.784526,2493.387628,2493.387628,-1665.784526,-2493.387628,1665.784526
0.000000,0.000000,-1661.621448,-2493.163034,1661.621448,2493.163034,2493.163034,-1661.621448,-2493.163034,1661.621448
0.000000,0.000000,-1657.455276,-2492.933805,1657.455276,2492.933805,2492.933805,-1657.455276,-2492.933805,1657.455276
0.000000,0.000000,-1653.286012,-2492.699928,1653.286012,2492.699928,2492.699928,-1653.286012,-2492.699928,1653.286012
0.000000,0.000000,-1649.113654,-2492.461395,1649.113654,2492.461395,2492.461395,-1649.113654,-2492.461395,1649.113654
0.000000,0.000000,-1644.938204,-2492.218191,1644.938204,2492.218191,2492.218191,-1644.938204,-2492.218191,1644.938204
0.000000,0.000000,-1640.759660,-2491.970308,1640.759660,2491.970308,2491.970308,-1640.759660,-2491.970308,1640.759660
0.000000,0.000000,-1636.578024,-2491.717732,1636.578024,2491.717732,2491.717732,-1636.578024,-2491.717732,1636.578024
0.000000,0.000000,-1632.393295,-2491.460454,1632.393295,2491.460454,2491.460454,-1632.393295,-2491.460454,1632.393295
0.000000,0.000000,-1628.205473,-2491.198461,1628.205473,2491.198461,2491.198461,-1628.205473,-2491.198461,1628.205473
0.000000,0.000000,-1624.014558,-2490.931742,1624.014558,2490.931742,2490.931742,-1624.014558,-2490.931742,1624.014558
0.000000,0.000000,-1619.820551,-2490.660285,1619.820551,2490.660285,2490.660285,-1619.820551,-2490.660285,1619.820551
0.000000,0.000000,-1615.623451,-2490.384080,1615.623451,2490.384080,2490.384080,-1615.623451,-2490.384080,1615.623451
0.000000,0.000000,-1611.423259,-2490.103114,1611.423259,2490.103114,2490.103114,-1611.423259,-2490.103114,1611.423259
0.000000,0.000000,-1607.219975,-2489.817375,1607.219975,2489.817375,2489.817375,-1607.219975,-2489.817375,1607.219975
0.000000,0.000000,-1603.013599,-2489.526853,1603.013599,2489.526853,2489.526853,-1603.013599,-2489.526853,1603.013599
0.000000,0.000000,-1598.804132,-2489.231536,1598.804132,2489.231536,2489.231536,-1598.804132,-2489.231536,1598.804132
0.000000,0.000000,-1594.591573,-2488.931411,1594.591573,2488.931411,2488.931411,-1594.591573,-2488.931411,1594.591573
0.000000,0.000000,-1590.375923,-2488.626467,1590.375923,2488.626467,2488.626467,-1590.375923,-2488.626467,1590.375923
0.000000,0.000000,-1586.157181,-2488.316692,1586.157181,2488.316692,2488.316692,-1586.157181,-2488.316692,1586.157181
0.000000,0.000000,-1581.935349,-2488.002075,1581.935349,2488.002075,2488.002075,-1581.935349,-2488.002075,1581.935349
0.000000,0.000000,-1577.710427,-2487.682604,1577.710427,2487.682604,2487.682604,-1577.710427,-2487.682604,1577.710427
0.000000,0.000000,-1573.482414,-2487.358266,1573.482414,2487.358266,2487.358266,-1573.482414,-2487.358266,1573.482414
0.000000,0.000000,-1569.251311,-2487.029049,1569.251311,2487.029049,2487.029049,-1569.251311,-2487.029049,1569.251311
0.000000,0.000000,-1565.017119,-2486.694943,1565.017119,2486.694943,2486.694943,-1565.017119,-2486.694943,1565.017119
0.000000,0.000000,-1560.779837,-2486.355934,1560.779837,2486.355934,2486.355934,-1560.779837,-2486.355934,1560.779837
0.000000,0.000000,-1556.539467,-2486.012011,1556.539467,2486.012011,2486.012011,-1556.539467,-2486.012011,1556.539467
0.000000,0.000000,-1552.296008,-2485.663161,1552.296008,2485.663161,2485.663161,-1552.296008,-2485.663161,1552.296008
0.000000,0.000000,-1548.049460,-2485.309372,1548.049460,2485.309372,2485.309372,-1548.049460,-2485.309372,1548.049460
0.000000,0.000000,-1543.799825,-2484.950633,1543.799825,2484.950633,2484.950633,-1543.799825,-2484.950633,1543.799825
0.000000,0.000000,-1539.547103,-2484.586930,1539.547103,2484.586930,2484.586930,-1539.547103,-2484.586930,1539.547103
0.000000,0.000000,-1535.291293,-2484.218253,1535.291293,2484.218253,2484.218253,-1535.291293,-2484.218253,1535.291293
0.000000,0.000000,-1531.032397,-2483.844587,1531.032397,2483.844587,2483.844587,-1531.032397,-2483.844587,1531.032397
0.000000,0.000000,-1526.770415,-2483.465922,1526.770415,2483.465922,2483.465922,-1526.770415,-2483.465922,1526.770415
0.000000,0.000000,-1522.505348,-2483.082244,1522.505348,2483.082244,2483.082244,-1522.505348,-2483.082244,1522.505348
0.000000,0.000000,-1518.237195,-2482.693541,1518.237195,2482.693541,2482.693541,-1518.237195,-2482.693541,1518.237195
0.000000,0.000000,-1513.965958,-2482.299801,1513.965958,2482.299801,2482.299801,-1513.965958,-2482.299801,1513.965958
0.000000,0.000000,-1509.691637,-2481.901010,1509.691637,2481.901010,2481.901010,-1509.691637,-2481.901010,1509.691637
0.000000,0.000000,-1505.414232,-2481.497158,1505.414232,2481.497158,2481.497158,-1505.414232,-2481.497158,1505.414232
0.000000,0.000000,-1501.133744,-2481.088230,1501.133744,2481.088230,2481.088230,-1501.133744,-2481.088230,1501.133744
0.000000,0.000000,-1496.850174,-2480.674215,1496.850174,2480.674215,2480.674215,-1496.850174,-2480.674215,1496.850174
0.000000,0.000000,-1492.563522,-2480.255099,1492.563522,2480.255099,2480.255099,-1492.563522,-2480.255099,1492.563522
0.000000,0.000000,-1488.273790,-2479.830871,1488.273790,2479.830871,2479.830871,-1488.273790,-2479.830871,1488.273790
0.000000,0.000000,-1483.980976,-2479.401516,1483.980976,2479.401516,2479.401516,-1483.980976,-2479.401516,1483.980976
0.000000,0.000000,-1479.685083,-2478.967023,1479.685083,2478.967023,2478.967023,-1479.685083,-2478.967023,1479.685083
0.000000,0.000000,-1475.386111,-2478.527378,1475.386111,2478.527378,2478.527378,-1475.386111,-2478.527378,1475.386111
0.000000,0.000000,-1471.084060,-2478.082568,1471.084060,2478.082568,2478.082568,-1471.084060,-2478.082568,1471.084060
0.000000,0.000000,-1466.778931,-2477.632581,1466.778931,2477.632581,2477.632581,-1466.778931,-2477.632581,1466.778931
0.000000,0.000000,-1462.470726,-2477.177404,1462.470726,2477.177404,2477.177404,-1462.470726,-2477.177404,1462.470726
0.000000,0.000000,-1458.159444,-2476.717023,1458.159444,2476.717023,2476.717023,-1458.159444,-2476.717023,1458.159444
0.000000,0.000000,-1453.845087,-2476.251425,1453.845087,2476.251425,2476.251425,-1453.845087,-2476.251425,1453.845087
0.000000,0.000000,-1449.527655,-2475.780598,1449.527655,2475.780598,2475.780598,-1449.527655,-2475.780598,1449.527655
0.000000,0.000000,-1445.207149,-2475.304528,1445.207149,2475.304528,2475.304528,-1445.207149,-2475.304528,1445.207149
0.000000,0.000000,-1440.883570,-2474.823202,1440.883570,2474.823202,2474.823202,-1440.883570,-2474.823202,1440.883570
0.000000,0.000000,-1436.556919,-2474.336607,1436.556919,2474.336607,2474.336607,-1436.556919,-2474.336607,1436.556919
0.000000,0.000000,-1432.227197,-2473.844729,1432.227197,2473.844729,2473.844729,-1432.227197,-2473.844729,1432.227197
0.000000,0.000000,-1427.894404,-2473.347555,1427.894404,2473.347555,2473.347555,-1427.894404,-2473.347555,1427.894404
0.000000,0.000000,-1423.558541,-2472.845071,1423.558541,2472.845071,2472.845071,-1423.558541,-2472.845071,1423.558541
0.000000,0.000000,-1419.219610,-2472.337265,1419.219610,2472.337265,2472.337265,-1419.219610,-2472.337265,1419.219610
0.000000,0.000000,-1414.877612,-2471.824122,1414.877612,2471.824122,2471.824122,-1414.877612,-2471.824122,1414.877612
0.000000,0.000000,-1410.532547,-2471.305630,1410.532547,2471.305630,2471.305630,-1410.532547,-2471.305630,1410.532547
0.000000,0.000000,-1406.184416,-2470.781774,1406.184416,2470.781774,2470.781774,-1406.184416,-2470.781774,1406.184416
0.000000,0.000000,-1401.833220,-2470.252541,1401.833220,2470.252541,2470.252541,-1401.833220,-2470.252541,1401.833220
0.000000,0.000000,-1397.478961,-2469.717917,1397.478961,2469.717917,2469.717917,-1397.478961,-2469.717917,1397.478961
0.000000,0.000000,-1393.121639,-2469.177889,1393.121639,2469.177889,2469.177889,-1393.121639,-2469.177889,1393.121639
0.000000,0.000000,-1388.761256,-2468.632442,1388.761256,2468.632442,2468.632442,-1388.761256,-2468.632442,1388.761256
0.000000,0.000000,-1384.397813,-2468.081563,1384.397813,2468.081563,2468.081563,-1384.397813,-2468.081563,1384.397813
0.000000,0.000000,-1380.031310,-2467.525239,1380.031310,2467.525239,2467.525239,-1380.031310,-2467.525239,1380.031310
0.000000,0.000000,-1375.661749,-2466.963454,1375.661749,2466.963454,2466.963454,-1375.661749,-2466.963454,1375.661749
0.000000,0.000000,-1371.289132,-2466.396196,1371.289132,2466.396196,2466.396196,-1371.289132,-2466.396196,1371.289132
0.000000,0.000000,-1366.913458,-2465.823450,1366.913458,2465.823450,2465.823450,-1366.913458,-2465.823450,1366.913458
0.000000,0.000000,-1362.534731,-2465.245202,1362.534731,2465.245202,2465.245202,-1362.534731,-2465.245202,1362.534731
0.000000,0.000000,-1358.152950,-2464.661438,1358.152950,2464.661438,2464.661438,-1358.152950,-2464.661438,1358.152950
0.000000,0.000000,-1353.768117,-2464.072144,1353.768117,2464.072144,2464.072144,-1353.768117,-2464.072144,1353.768117
0.000000,0.000000,-1349.380233,-2463.477305,1349.380233,2463.477305,2463.477305,-1349.380233,-2463.477305,1349.380233
0.000000,0.000000,-1344.989301,-2462.876908,1344.989301,2462.876908,2462.876908,-1344.989301,-2462.876908,1344.989301
0.000000,0.000000,-1340.595320,-2462.270938,1340.595320,2462.270938,2462.270938,-1340.595320,-2462.270938,1340.595320
0.000000,0.000000,-1336.198292,-2461.659381,1336.198292,2461.659381,2461.659381,-1336.198292,-2461.659381,1336.198292
0.000000,0.000000,-1331.798220,-2461.042222,1331.798220,2461.042222,2461.042222,-1331.798220,-2461.042222,1331.798220
0.000000,0.000000,-1327.395103,-2460.419448,1327.395103,2460.419448,2460.419448,-1327.395103,-2460.419448,1327.395103
0.000000,0.000000,-1322.988945,-2459.791042,1322.988945,2459.791042,2459.791042,-1322.988945,-2459.791042,1322.988945
0.000000,0.000000,-1318.579745,-2459.156992,1318.579745,2459.156992,2459.156992,-1318.579745,-2459.156992,1318.579745
0.000000,0.000000,-1314.167506,-2458.517281,1314.167506,2458.517281,2458.517281,-1314.167506,-2458.517281,1314.167506
0.000000,0.000000,-1309.752229,-2457.871896,1309.752229,2457.871896,2457.871896,-1309.752229,-2457.871896,1309.752229
0.000000,0.000000,-1305.333916,-2457.220823,1305.333916,2457.220823,2457.220823,-1305.333916,-2457.220823,1305.333916
0.000000,0.000000,-1300.912568,-2456.564045,1300.912568,2456.564045,2456.564045,-1300.912568,-2456.564045,1300.912568
0.000000,0.000000,-1296.488187,-2455.901549,1296.488187,2455.901549,2455.901549,-1296.488187,-2455.901549,1296.488187
0.000000,0.000000,-1292.060775,-2455.233319,1292.060775,2455.233319,2455.233319,-1292.060775,-2455.233319,1292.060775
0.000000,0.000000,-1287.630332,-2454.559340,1287.630332,2454.559340,2454.559340,-1287.630332,-2454.559340,1287.630332
0.000000,0.000000,-1283.196862,-2453.879599,1283.196862,2453.879599,2453.879599,-1283.196862,-2453.879599,1283.196862
0.000000,0.000000,-1278.760364,-2453.194079,1278.760364,2453.194079,2453.194079,-1278.760364,-2453.194079,1278.760364
0.000000,0.000000,-1274.320843,-2452.502765,1274.320843,2452.502765,2452.502765,-1274.320843,-2452.502765,1274.320843
0.000000,0.000000,-1269.878298,-2451.805643,1269.878298,2451.805643,2451.805643,-1269.878298,-2451.805643,1269.878298
0.000000,0.000000,-1265.432732,-2451.102697,1265.432732,2451.102697,2451.102697,-1265.432732,-2451.102697,1265.432732
0.000000,0.000000,-1260.984147,-2450.393913,1260.984147,2450.393913,2450.393913,-1260.984147,-2450.393913,1260.984147
0.000000,0.000000,-1256.532544,-2449.679274,1256.532544,2449.679274,2449.679274,-1256.532544,-2449.679274,1256.532544
0.000000,0.000000,-1252.077926,-2448.958765,1252.077926,2448.958765,2448.958765,-1252.077926,-2448.958765,1252.077926
0.000000,0.000000,-1247.620294,-2448.232372,1247.620294,2448.232372,2448.232372,-1247.620294,-2448.232372,1247.620294
0.000000,0.000000,-1243.159650,-2447.500078,1243.159650,2447.500078,2447.500078,-1243.159650,-2447.500078,1243.159650
0.000000,0.000000,-1238.695996,-2446.761868,1238.695996,2446.761868,2446.761868,-1238.695996,-2446.761868,1238.695996
0.000000,0.000000,-1234.229335,-2446.017727,1234.229335,2446.017727,2446.017727,-1234.229335,-2446.017727,1234.229335
0.000000,0.000000,-1229.759668,-2445.267638,1229.759668,2445.267638,2445.267638,-1229.759668,-2445.267638,1229.759668
0.000000,0.000000,-1225.286997,-2444.511587,1225.286997,2444.511587,2444.511587,-1225.286997,-2444.511587,1225.286997
0.000000,0.000000,-1220.811325,-2443.749558,1220.811325,2443.749558,2443.749558,-1220.811325,-2443.749558,1220.811325
0.000000,0.000000,-1216.332653,-2442.981535,1216.332653,2442.981535,2442.981535,-1216.332653,-2442.981535,1216.332653
0.000000,0.000000,-1211.850983,-2442.207501,1211.850983,2442.207501,2442.207501,-1211.850983,-2442.207501,1211.850983
0.000000,0.000000,-1207.366319,-2441.427442,1207.366319,2441.427442,2441.427442,-1207.366319,-2441.427442,1207.366319
0.000000,0.000000,-1202.878662,-2440.641341,1202.878662,2440.641341,2440.641341,-1202.878662,-2440.641341,1202.878662
0.000000,0.000000,-1198.388014,-2439.849182,1198.388014,2439.849182,2439.849182,-1198.388014,-2439.849182,1198.388014
0.000000,0.000000,-1193.894377,-2439.050949,1193.894377,2439.050949,2439.050949,-1193.894377,-2439.050949,1193.894377
0.000000,0.000000,-1189.397755,-2438.246627,1189.397755,2438.246627,2438.246627,-1189.397755,-2438.246627,1189.397755
0.000000,0.000000,-1184.898149,-2437.436198,1184.898149,2437.436198,2437.436198,-1184.898149,-2437.436198,1184.898149
0.000000,0.000000,-1180.395561,-2436.619647,1180.395561,2436.619647,2436.619647,-1180.395561,-2436.619647,1180.395561
0.000000,0.000000,-1175.889995,-2435.796957,1175.889995,2435.796957,2435.796957,-1175.889995,-2435.796957,1175.889995
0.000000,0.000000,-1171.381452,-2434.968113,1171.381452,2434.968113,2434.968113,-1171.381452,-2434.968113,1171.381452
0.000000,0.000000,-1166.869935,-2434.133097,1166.869935,2434.133097,2434.133097,-1166.869935,-2434.133097,1166.869935
0.000000,0.000000,-1162.355446,-2433.291894,1162.355446,2433.291894,2433.291894,-1162.355446,-2433.291894,1162.355446
0.000000,0.000000,-1157.837989,-2432.444486,1157.837989,2432.444486,2432.444486,-1157.837989,-2432.444486,1157.837989
0.000000,0.000000,-1153.317565,-2431.590857,1153.317565,2431.590857,2431.590857,-1153.317565,-2431.590857,1153.317565
0.000000,0.000000,-1148.794178,-2430.730992,1148.794178,2430.730992,2430.730992,-1148.794178,-2430.730992,1148.794178
0.000000,0.000000,-1144.267829,-2429.864871,1144.267829,2429.864871,2429.864871,-1144.267829,-2429.864871,1144.267829
0.000000,0.000000,-1139.738523,-2428.992481,1139.738523,2428.992481,2428.992481,-1139.738523,-2428.992481,1139.738523
0.000000,0.000000,-1135.206260,-2428.113802,1135.206260,2428.113802,2428.113802,-1135.206260,-2428.113802,1135.206260
0.000000,0.000000,-1130.671045,-2427.228819,1130.671045,2427.228819,2427.228819,-1130.671045,-2427.228819,1130.671045
0.000000,0.000000,-1126.132879,-2426.337515,1126.132879,2426.337515,2426.337515,-1126.132879,-2426.337515,1126.132879
0.000000,0.000000,-1121.591767,-2425.439872,1121.591767,2425.439872,2425.439872,-1121.591767,-2425.439872,1121.591767
0.000000,0.000000,-1117.047710,-2424.535873,1117.047710,2424.535873,2424.535873,-1117.047710,-2424.535873,1117.047710
0.000000,0.000000,-1112.500712,-2423.625503,1112.500712,2423.625503,2423.625503,-1112.500712,-2423.625503,1112.500712
0.000000,0.000000,-1107.950775,-2422.708742,1107.950775,2422.708742,2422.708742,-1107.950775,-2422.708742,1107.950775
0.000000,0.000000,-1103.397902,-2421.785575,1103.397902,2421.785575,2421.785575,-1103.397902,-2421.785575,1103.397902
0.000000,0.000000,-1098.842098,-2420.855983,1098.842098,2420.855983,2420.855983,-1098.842098,-2420.855983,1098.842098
0.000000,0.000000,-1094.283364,-2419.919950,1094.283364,2419.919950,2419.919950,-1094.283364,-2419.919950,1094.283364
0.000000,0.000000,-1089.721704,-2418.977458,1089.721704,2418.977458,2418.977458,-1089.721704,-2418.977458,1089.721704
0.000000,0.000000,-1085.157120,-2418.028489,1085.157120,2418.028489,2418.028489,-1085.157120,-2418.028489,1085.157120
0.000000,0.000000,-1080.589617,-2417.073026,1080.589617,2417.073026,2417.073026,-1080.589617,-2417.073026,1080.589617
0.000000,0.000000,-1076.019197,-2416.111052,1076.019197,2416.111052,2416.111052,-1076.019197,-2416.111052,1076.019197
0.000000,0.000000,-1071.445864,-2415.142549,1071.445864,2415.142549,2415.142549,-1071.445864,-2415.142549,1071.445864
0.000000,0.000000,-1066.869620,-2414.167499,1066.869620,2414.167499,2414.167499,-1066.869620,-2414.167499,1066.869620
0.000000,0.000000,-1062.290470,-2413.185884,1062.290470,2413.185884,2413.185884,-1062.290470,-2413.185884,1062.290470
0.000000,0.000000,-1057.708417,-2412.197686,1057.708417,2412.197686,2412.197686,-1057.708417,-2412.197686,1057.708417
0.000000,0.000000,-1053.123464,-2411.202888,1053.123464,2411.202888,2411.202888,-1053.123464,-2411.202888,1053.123464
0.000000,0.000000,-1048.535614,-2410.201472,1048.535614,2410.201472,2410.201472,-1048.535614,-2410.201472,1048.535614
0.000000,0.000000,-1043.944872,-2409.193419,1043.944872,2409.193419,2409.193419,-1043.944872,-2409.193419,1043.944872
0.000000,0.000000,-1039.351240,-2408.178711,1039.351240,2408.178711,2408.178711,-1039.351240,-2408.178711,1039.351240
0.000000,0.000000,-1034.754723,-2407.157331,1034.754723,2407.157331,2407.157331,-1034.754723,-2407.157331,1034.754723
0.000000,0.000000,-1030.155323,-2406.129259,1030.155323,2406.129259,2406.129259,-1030.155323,-2406.129259,1030.155323
0.000000,0.000000,-1025.553045,-2405.094479,1025.553045,2405.094479,2405.094479,-1025.553045,-2405.094479,1025.553045
0.000000,0.000000,-1020.947893,-2404.052970,1020.947893,2404.052970,2404.052970,-1020.947893,-2404.052970,1020.947893
0.000000,0.000000,-1016.339870,-2403.004716,1016.339870,2403.004716,2403.004716,-1016.339870,-2403.004716,1016.339870
0.000000,0.000000,-1011.728980,-2401.949697,1011.728980,2401.949697,2401.949697,-1011.728980,-2401.949697,1011.728980
0.000000,0.000000,-1007.115227,-2400.887895,1007.115227,2400.887895,2400.887895,-1007.115227,-2400.887895,1007.115227
0.000000,0.000000,-1002.498615,-2399.819291,1002.498615,2399.819291,2399.819291,-1002.498615,-2399.819291,1002.498615
0.000000,0.000000,-997.879148,-2398.743867,997.879148,2398.743867,2398.743867,-997.879148,-2398.743867,997.879148
0.000000,0.000000,-993.256830,-2397.661603,993.256830,2397.661603,2397.661603,-993.256830,-2397.661603,993.256830
0.000000,0.000000,-988.631665,-2396.572481,988.631665,2396.572481,2396.572481,-988.631665,-2396.572481,988.631665
0.000000,0.000000,-984.003657,-2395.476482,984.003657,2395.476482,2395.476482,-984.003657,-2395.476482,984.003657
0.000000,0.000000,-979.372810,-2394.373588,979.372810,2394.373588,2394.373588,-979.372810,-2394.373588,979.372810
0.000000,0.000000,-974.739129,-2393.263778,974.739129,2393.263778,2393.263778,-974.739129,-2393.263778,974.739129
0.000000,0.000000,-970.102618,-2392.147034,970.102618,2392.147034,2392.147034,-970.102618,-2392.147034,970.102618
0.000000,0.000000,-965.463280,-2391.023337,965.463280,2391.023337,2391.023337,-965.463280,-2391.023337,965.463280
0.000000,0.000000,-960.821122,-2389.892667,960.821122,2389.892667,2389.892667,-960.821122,-2389.892667,960.821122
0.000000,0.000000,-956.176146,-2388.755006,956.176146,2388.755006,2388.755006,-956.176146,-2388.755006,956.176146
0.000000,0.000000,-951.528357,-2387.610333,951.528357,2387.610333,2387.610333,-951.528357,-2387.610333,951.528357
0.000000,0.000000,-946.877761,-2386.458630,946.877761,2386.458630,2386.458630,-946.877761,-2386.458630,946.877761
0.000000,0.000000,-942.224361,-2385.299876,942.224361,2385.299876,2385.299876,-942.224361,-2385.299876,942.224361
0.000000,0.000000,-937.568162,-2384.134053,937.568162,2384.134053,2384.134053,-937.568162,-2384.134053,937.568162
0.000000,0.000000,-932.909169,-2382.961140,932.909169,2382.961140,2382.961140,-932.909169,-2382.961140,932.909169
0.000000,0.000000,-928.247386,-2381.781118,928.247386,2381.781118,2381.781118,-928.247386,-2381.781118,928.247386
0.000000,0.000000,-923.582819,-2380.593967,923.582819,2380.593967,2380.593967,-923.582819,-2380.593967,923.582819
0.000000,0.000000,-918.915472,-2379.399667,918.915472,2379.399667,2379.399667,-918.915472,-2379.399667,918.915472
0.000000,0.000000,-914.245350,-2378.198199,914.245350,2378.198199,2378.198199,-914.245350,-2378.198199,914.245350
0.000000,0.000000,-909.572458,-2376.989541,909.572458,2376.989541,2376.989541,-909.572458,-2376.989541,909.572458
0.000000,0.000000,-904.896802,-2375.773675,904.896802,2375.773675,2375.773675,-904.896802,-2375.773675,904.896802
0.000000,0.000000,-900.218385,-2374.550579,900.218385,2374.550579,2374.550579,-900.218385,-2374.550579,900.218385
0.000000,0.000000,-895.537214,-2373.320234,895.537214,2373.320234,2373.320234,-895.537214,-2373.320234,895.537214
0.000000,0.000000,-890.853293,-2372.082619,890.853293,2372.082619,2372.082619,-890.853293,-2372.082619,890.853293
0.000000,0.000000,-886.166628,-2370.837715,886.166628,2370.837715,2370.837715,-886.166628,-2370.837715,886.166628
0.000000,0.000000,-881.477224,-2369.585500,881.477224,2369.585500,2369.585500,-881.477224,-2369.585500,881.477224
0.000000,0.000000,-876.785086,-2368.325953,876.785086,2368.325953,2368.325953,-876.785086,-2368.325953,876.785086
0.000000,0.000000,-872.090220,-2367.059056,872.090220,2367.059056,2367.059056,-872.090220,-2367.059056,872.090220
0.000000,0.000000,-867.392631,-2365.784785,867.392631,2365.784785,2365.784785,-867.392631,-2365.784785,867.392631
0.000000,0.000000,-862.692325,-2364.503122,862.692325,2364.503122,2364.503122,-862.692325,-2364.503122,862.692325
0.000000,0.000000,-857.989307,-2363.214045,857.989307,2363.214045,2363.214045,-857.989307,-2363.214045,857.989307
0.000000,0.000000,-853.283584,-2361.917533,853.283584,2361.917533,2361.917533,-853.283584,-2361.917533,853.283584
0.000000,0.000000,-848.575160,-2360.613565,848.575160,2360.613565,2360.613565,-848.575160,-2360.613565,848.575160
0.000000,0.000000,-843.864042,-2359.302120,843.864042,2359.302120,2359.302120,-843.864042,-2359.302120,843.864042
0.000000,0.000000,-839.150235,-2357.983177,839.150235,2357.983177,2357.983177,-839.150235,-2357.983177,839.150235
0.000000,0.000000,-834.433745,-2356.656715,834.433745,2356.656715,2356.656715,-834.433745,-2356.656715,834.433745
0.000000,0.000000,-829.714579,-2355.322712,829.714579,2355.322712,2355.322712,-829.714579,-2355.322712,829.714579
0.000000,0.000000,-824.992742,-2353.981147,824.992742,2353.981147,2353.981147,-824.992742,-2353.981147,824.992742
0.000000,0.000000,-820.268241,-2352.632000,820.268241,2352.632000,2352.632000,-820.268241,-2352.632000,820.268241
0.000000,0.000000,-815.541081,-2351.275247,815.541081,2351.275247,2351.275247,-815.541081,-2351.275247,815.541081
0.000000,0.000000,-810.811269,-2349.910867,810.811269,2349.910867,2349.910867,-810.811269,-2349.910867,810.811269
0.000000,0.000000,-806.078812,-2348.538840,806.078812,2348.538840,2348.538840,-806.078812,-2348.538840,806.078812
0.000000,0.000000,-801.343714,-2347.159143,801.343714,2347.159143,2347.159143,-801.343714,-2347.159143,801.343714
0.000000,0.000000,-796.605984,-2345.771753,796.605984,2345.771753,2345.771753,-796.605984,-2345.771753,796.605984
0.000000,0.000000,-791.865627,-2344.376651,791.865627,2344.376651,2344.376651,-791.865627,-2344.376651,791.865627
0.000000,0.000000,-787.122651,-2342.973812,787.122651,2342.973812,2342.973812,-787.122651,-2342.973812,787.122651
0.000000,0.000000,-782.377061,-2341.563216,782.377061,2341.563216,2341.563216,-782.377061,-2341.563216,782.377061
0.000000,0.000000,-777.628864,-2340.144840,777.628864,2340.144840,2340.144840,-777.628864,-2340.144840,777.628864
0.000000,0.000000,-772.878068,-2338.718661,772.878068,2338.718661,2338.718661,-772.878068,-2338.718661,772.878068
0.000000,0.000000,-768.124679,-2337.284659,768.124679,2337.284659,2337.284659,-768.124679,-2337.284659,768.124679
0.000000,0.000000,-763.368704,-2335.842809,763.368704,2335.842809,2335.842809,-763.368704,-2335.842809,763.368704
0.000000,0.000000,-758.610150,-2334.393090,758.610150,2334.393090,2334.393090,-758.610150,-2334.393090,758.610150
0.000000,0.000000,-753.849024,-2332.935479,753.849024,2332.935479,2332.935479,-753.849024,-2332.935479,753.849024
0.000000,0.000000,-749.085333,-2331.469954,749.085333,2331.469954,2331.469954,-749.085333,-2331.469954,749.085333
0.000000,0.000000,-744.319085,-2329.996491,744.319085,2329.996491,2329.996491,-744.319085,-2329.996491,744.319085
0.000000,0.000000,-739.550287,-2328.515068,739.550287,2328.515068,2328.515068,-739.550287,-2328.515068,739.550287
0.000000,0.000000,-734.778946,-2327.025663,734.778946,2327.025663,2327.025663,-734.778946,-2327.025663,734.778946
0.000000,0.000000,-730.005069,-2325.528251,730.005069,2325.528251,2325.528251,-730.005069,-2325.528251,730.005069
0.000000,0.000000,-725.228665,-2324.022810,725.228665,2324.022810,2324.022810,-725.228665,-2324.022810,725.228665
0.000000,0.000000,-720.449741,-2322.509318,720.449741,2322.509318,2322.509318,-720.449741,-2322.509318,720.449741
0.000000,0.000000,-715.668304,-2320.987750,715.668304,2320.987750,2320.987750,-715.668304,-2320.987750,715.668304
0.000000,0.000000,-710.884362,-2319.458083,710.884362,2319.458083,2319.458083,-710.884362,-2319.458083,710.884362
0.000000,0.000000,-706.097924,-2317.920294,706.097924,2317.920294,2317.920294,-706.097924,-2317.920294,706.097924
0.000000,0.000000,-701.308997,-2316.374360,701.308997,2316.374360,2316.374360,-701.308997,-2316.374360,701.308997
0.000000,0.000000,-696.517588,-2314.820256,696.517588,2314.820256,2314.820256,-696.517588,-2314.820256,696.517588
0.000000,0.000000,-691.723707,-2313.257960,691.723707,2313.257960,2313.257960,-691.723707,-2313.257960,691.723707
0.000000,0.000000,-686.927362,-2311.687448,686.927362,2311.687448,2311.687448,-686.927362,-2311.687448,686.927362
0.000000,0.000000,-682.128560,-2310.108695,682.128560,2310.108695,2310.108695,-682.128560,-2310.108695,682.128560
0.000000,0.000000,-677.327310,-2308.521678,677.327310,2308.521678,2308.521678,-677.327310,-2308.521678,677.327310
0.000000,0.000000,-672.523621,-2306.926373,672.523621,2306.926373,2306.926373,-672.523621,-2306.926373,672.523621
0.000000,0.000000,-667.717500,-2305.322755,667.717500,2305.322755,2305.322755,-667.717500,-2305.322755,667.717500
0.000000,0.000000,-662.908957,-2303.710801,662.908957,2303.710801,2303.710801,-662.908957,-2303.710801,662.908957
0.000000,0.000000,-658.098001,-2302.090487,658.098001,2302.090487,2302.090487,-658.098001,-2302.090487,658.098001
0.000000,0.000000,-653.284639,-2300.461787,653.284639,2300.461787,2300.461787,-653.284639,-2300.461787,653.284639
0.000000,0.000000,-648.468882,-2298.824678,648.468882,2298.824678,2298.824678,-648.468882,-2298.824678,648.468882
0.000000,0.000000,-643.650737,-2297.179136,643.650737,2297.179136,2297.179136,-643.650737,-2297.179136,643.650737
0.000000,0.000000,-638.830215,-2295.525134,638.830215,2295.525134,2295.525134,-638.830215,-2295.525134,638.830215
0.000000,0.000000,-634.007323,-2293.862650,634.007323,2293.862650,2293.862650,-634.007323,-2293.862650,634.007323
0.000000,0.000000,-629.182072,-2292.191657,629.182072,2292.191657,2292.191657,-629.182072,-2292.191657,629.182072
0.000000,0.000000,-624.354471,-2290.512132,624.354471,2290.512132,2290.512132,-624.354471,-2290.512132,624.354471
0.000000,0.000000,-619.524529,-2288.824048,619.524529,2288.824048,2288.824048,-619.524529,-2288.824048,619.524529
0.000000,0.000000,-614.692255,-2287.127382,614.692255,2287.127382,2287.127382,-614.692255,-2287.127382,614.692255
0.000000,0.000000,-609.857660,-2285.422108,609.857660,2285.422108,2285.422108,-609.857660,-2285.422108,609.857660
0.000000,0.000000,-605.020752,-2283.708201,605.020752,2283.708201,2283.708201,-605.020752,-2283.708201,605.020752
0.000000,0.000000,-600.181543,-2281.985635,600.181543,2281.985635,2281.985635,-600.181543,-2281.985635,600.181543
0.000000,0.000000,-595.340041,-2280.254385,595.340041,2280.254385,2280.254385,-595.340041,-2280.254385,595.340041
0.000000,0.000000,-590.496257,-2278.514426,590.496257,2278.514426,2278.514426,-590.496257,-2278.514426,590.496257
0.000000,0.000000,-585.650201,-2276.765731,585.650201,2276.765731,2276.765731,-585.650201,-2276.765731,585.650201
0.000000,0.000000,-580.801883,-2275.008276,580.801883,2275.008276,2275.008276,-580.801883,-2275.008276,580.801883
0.000000,0.000000,-575.951313,-2273.242034,575.951313,2273.242034,2273.242034,-575.951313,-2273.242034,575.951313
0.000000,0.000000,-571.098502,-2271.466981,571.098502,2271.466981,2271.466981,-571.098502,-2271.466981,571.098502
0.000000,0.000000,-566.243460,-2269.683088,566.243460,2269.683088,2269.683088,-566.243460,-2269.683088,566.243460
0.000000,0.000000,-561.386198,-2267.890332,561.386198,2267.890332,2267.890332,-561.386198,-2267.890332,561.386198
0.000000,0.000000,-556.526727,-2266.088684,556.526727,2266.088684,2266.088684,-556.526727,-2266.088684,556.526727
0.000000,0.000000,-551.665058,-2264.278121,551.665058,2264.278121,2264.278121,-551.665058,-2264.278121,551.665058
0.000000,0.000000,-546.801200,-2262.458614,546.801200,2262.458614,2262.458614,-546.801200,-2262.458614,546.801200
0.000000,0.000000,-541.935166,-2260.630137,541.935166,2260.630137,2260.630137,-541.935166,-2260.630137,541.935166
0.000000,0.000000,-537.066967,-2258.792665,537.066967,2258.792665,2258.792665,-537.066967,-2258.792665,537.066967
0.000000,0.000000,-532.196614,-2256.946170,532.196614,2256.946170,2256.946170,-532.196614,-2256.946170,532.196614
0.000000,0.000000,-527.324118,-2255.090625,527.324118,2255.090625,2255.090625,-527.324118,-2255.090625,527.324118
0.000000,0.000000,-522.449491,-2253.226005,522.449491,2253.226005,2253.226005,-522.449491,-2253.226005,522.449491
0.000000,0.000000,-517.572744,-2251.352281,517.572744,2251.352281,2251.352281,-517.572744,-2251.352281,517.572744
0.000000,0.000000,-512.693889,-2249.469427,512.693889,2249.469427,2249.469427,-512.693889,-2249.469427,512.693889
0.000000,0.000000,-507.812938,-2247.577417,507.812938,2247.577417,2247.577417,-507.812938,-2247.577417,507.812938
0.000000,0.000000,-502.929903,-2245.676222,502.929903,2245.676222,2245.676222,-502.929903,-2245.676222,502.929903
0.000000,0.000000,-498.044795,-2243.765815,498.044795,2243.765815,2243.765815,-498.044795,-2243.765815,498.044795
0.000000,0.000000,-493.157628,-2241.846170,493.157628,2241.846170,2241.846170,-493.157628,-2241.846170,493.157628
0.000000,0.000000,-488.268414,-2239.917258,488.268414,2239.917258,2239.917258,-488.268414,-2239.917258,488.268414
0.000000,0.000000,-483.377164,-2237.979052,483.377164,2237.979052,2237.979052,-483.377164,-2237.979052,483.377164
0.000000,0.000000,-478.483891,-2236.031525,478.483891,2236.031525,2236.031525,-478.483891,-2236.031525,478.483891
0.000000,0.000000,-473.588608,-2234.074648,473.588608,2234.074648,2234.074648,-473.588608,-2234.074648,473.588608
0.000000,0.000000,-468.691329,-2232.108394,468.691329,2232.108394,2232.108394,-468.691329,-2232.108394,468.691329
0.000000,0.000000,-463.792065,-2230.132734,463.792065,2230.132734,2230.132734,-463.792065,-2230.132734,463.792065
0.000000,0.000000,-458.890829,-2228.147642,458.890829,2228.147642,2228.147642,-458.890829,-2228.147642,458.890829
0.000000,0.000000,-453.987636,-2226.153088,453.987636,2226.153088,2226.153088,-453.987636,-2226.153088,453.987636
0.000000,0.000000,-449.082497,-2224.149044,449.082497,2224.149044,2224.149044,-449.082497,-2224.149044,449.082497
0.000000,0.000000,-444.175428,-2222.135483,444.175428,2222.135483,2222.135483,-444.175428,-2222.135483,444.175428
0.000000,0.000000,-439.266440,-2220.112375,439.266440,2220.112375,2220.112375,-439.266440,-2220.112375,439.266440
0.000000,0.000000,-434.355548,-2218.079692,434.355548,2218.079692,2218.079692,-434.355548,-2218.079692,434.355548
0.000000,0.000000,-429.442766,-2216.037405,429.442766,2216.037405,2216.037405,-429.442766,-2216.037405,429.442766
0.000000,0.000000,-424.528108,-2213.985486,424.528108,2213.985486,2213.985486,-424.528108,-2213.985486,424.528108
0.000000,0.000000,-419.611587,-2211.923906,419.611587,2211.923906,2211.923906,-419.611587,-2211.923906,419.611587
0.000000,0.000000,-414.693218,-2209.852636,414.693218,2209.852636,2209.852636,-414.693218,-2209.852636,414.693218
0.000000,0.000000,-409.773015,-2207.771646,409.773015,2207.771646,2207.771646,-409.773015,-2207.771646,409.773015
0.000000,0.000000,-404.850993,-2205.680909,404.850993,2205.680909,2205.680909,-404.850993,-2205.680909,404.850993
0.000000,0.000000,-399.927166,-2203.580393,399.927166,2203.580393,2203.580393,-399.927166,-2203.580393,399.927166
0.000000,0.000000,-395.001549,-2201.470071,395.001549,2201.470071,2201.470071,-395.001549,-2201.470071,395.001549
0.000000,0.000000,-390.074157,-2199.349912,390.074157,2199.349912,2199.349912,-390.074157,-2199.349912,390.074157
0.000000,0.000000,-385.145005,-2197.219888,385.145005,2197.219888,2197.219888,-385.145005,-2197.219888,385.145005
0.000000,0.000000,-380.214109,-2195.079968,380.214109,2195.079968,2195.079968,-380.214109,-2195.079968,380.214109
0.000000,0.000000,-375.281483,-2192.930123,375.281483,2192.930123,2192.930123,-375.281483,-2192.930123,375.281483
0.000000,0.000000,-370.347143,-2190.770322,370.347143,2190.770322,2190.770322,-370.347143,-2190.770322,370.347143
0.000000,0.000000,-365.411104,-2188.600537,365.411104,2188.600537,2188.600537,-365.411104,-2188.600537,365.411104
0.000000,0.000000,-360.473383,-2186.420736,360.473383,2186.420736,2186.420736,-360.473383,-2186.420736,360.473383
0.000000,0.000000,-355.533996,-2184.230890,355.533996,2184.230890,2184.230890,-355.533996,-2184.230890,355.533996
0.000000,0.000000,-350.592957,-2182.030969,350.592957,2182.030969,2182.030969,-350.592957,-2182.030969,350.592957
0.000000,0.000000,-345.650285,-2179.820942,345.650285,2179.820942,2179.820942,-345.650285,-2179.820942,345.650285
0.000000,0.000000,-340.705994,-2177.600779,340.705994,2177.600779,2177.600779,-340.705994,-2177.600779,340.705994
0.000000,0.000000,-335.760103,-2175.370448,335.760103,2175.370448,2175.370448,-335.760103,-2175.370448,335.760103
0.000000,0.000000,-330.812626,-2173.129920,330.812626,2173.129920,2173.129920,-330.812626,-2173.129920,330.812626
0.000000,0.000000,-325.863582,-2170.879164,325.863582,2170.879164,2170.879164,-325.863582,-2170.879164,325.863582
0.000000,0.000000,-320.912986,-2168.618149,320.912986,2168.618149,2168.618149,-320.912986,-2168.618149,320.912986
0.000000,0.000000,-315.960857,-2166.346844,315.960857,2166.346844,2166.346844,-315.960857,-2166.346844,315.960857
0.000000,0.000000,-311.007212,-2164.065217,311.007212,2164.065217,2164.065217,-311.007212,-2164.065217,311.007212
0.000000,0.000000,-306.052068,-2161.773238,306.052068,2161.773238,2161.773238,-306.052068,-2161.773238,306.052068
0.000000,0.000000,-301.095443,-2159.470876,301.095443,2159.470876,2159.470876,-301.095443,-2159.470876,301.095443
0.000000,0.000000,-296.137354,-2157.158098,296.137354,2157.158098,2157.158098,-296.137354,-2157.158098,296.137354
0.000000,0.000000,-291.177821,-2154.834874,291.177821,2154.834874,2154.834874,-291.177821,-2154.834874,291.177821
0.000000,0.000000,-286.216860,-2152.501172,286.216860,2152.501172,2152.501172,-286.216860,-2152.501172,286.216860
0.000000,0.000000,-281.254490,-2150.156961,281.254490,2150.156961,2150.156961,-281.254490,-2150.156961,281.254490
0.000000,0.000000,-276.290730,-2147.802207,276.290730,2147.802207,2147.802207,-276.290730,-2147.802207,276.290730
0.000000,0.000000,-271.325598,-2145.436881,271.325598,2145.436881,2145.436881,-271.325598,-2145.436881,271.325598
0.000000,0.000000,-266.359114,-2143.060948,266.359114,2143.060948,2143.060948,-266.359114,-2143.060948,266.359114
0.000000,0.000000,-261.391296,-2140.674379,261.391296,2140.674379,2140.674379,-261.391296,-2140.674379,261.391296
0.000000,0.000000,-256.422163,-2138.277139,256.422163,2138.277139,2138.277139,-256.422163,-2138.277139,256.422163
0.000000,0.000000,-251.451735,-2135.869198,251.451735,2135.869198,2135.869198,-251.451735,-2135.869198,251.451735
0.000000,0.000000,-246.480032,-2133.450522,246.480032,2133.450522,2133.450522,-246.480032,-2133.450522,246.480032
0.000000,0.000000,-241.507074,-2131.021079,241.507074,2131.021079,2131.021079,-241.507074,-2131.021079,241.507074
0.000000,0.000000,-236.532879,-2128.580837,236.532879,2128.580837,2128.580837,-236.532879,-2128.580837,236.532879
0.000000,0.000000,-231.557469,-2126.129762,231.557469,2126.129762,2126.129762,-231.557469,-2126.129762,231.557469
0.000000,0.000000,-226.580863,-2123.667823,226.580863,2123.667823,2123.667823,-226.580863,-2123.667823,226.580863
0.000000,0.000000,-221.603083,-2121.194985,221.603083,2121.194985,2121.194985,-221.603083,-2121.194985,221.603083
0.000000,0.000000,-216.624148,-2118.711216,216.624148,2118.711216,2118.711216,-216.624148,-2118.711216,216.624148
0.000000,0.000000,-211.644080,-2116.216483,211.644080,2116.216483,2116.216483,-211.644080,-2116.216483,211.644080
0.000000,0.000000,-206.662901,-2113.710753,206.662901,2113.710753,2113.710753,-206.662901,-2113.710753,206.662901
0.000000,0.000000,-201.680630,-2111.193991,201.680630,2111.193991,2111.193991,-201.680630,-2111.193991,201.680630
0.000000,0.000000,-196.697290,-2108.666166,196.697290,2108.666166,2108.666166,-196.697290,-2108.666166,196.697290
0.000000,0.000000,-191.712902,-2106.127243,191.712902,2106.127243,2106.127243,-191.712902,-2106.127243,191.712902
0.000000,0.000000,-186.727489,-2103.577188,186.727489,2103.577188,2103.577188,-186.727489,-2103.577188,186.727489
0.000000,0.000000,-181.741072,-2101.015969,181.741072,2101.015969,2101.015969,-181.741072,-2101.015969,181.741072
0.000000,0.000000,-176.753673,-2098.443550,176.753673,2098.443550,2098.443550,-176.753673,-2098.443550,176.753673
0.000000,0.000000,-171.765316,-2095.859898,171.765316,2095.859898,2095.859898,-171.765316,-2095.859898,171.765316
0.000000,0.000000,-166.776022,-2093.264979,166.776022,2093.264979,2093.264979,-166.776022,-2093.264979,166.776022
0.000000,0.000000,-161.785815,-2090.658759,161.785815,2090.658759,2090.658759,-161.785815,-2090.658759,161.785815
0.000000,0.000000,-156.794718,-2088.041204,156.794718,2088.041204,2088.041204,-156.794718,-2088.041204,156.794718
0.000000,0.000000,-151.802755,-2085.412279,151.802755,2085.412279,2085.412279,-151.802755,-2085.412279,151.802755
0.000000,0.000000,-146.809948,-2082.771949,146.809948,2082.771949,2082.771949,-146.809948,-2082.771949,146.809948
0.000000,0.000000,-141.816321,-2080.120181,141.816321,2080.120181,2080.120181,-141.816321,-2080.120181,141.816321
0.000000,0.000000,-136.821899,-2077.456939,136.821899,2077.456939,2077.456939,-136.821899,-2077.456939,136.821899
0.000000,0.000000,-131.826706,-2074.782189,131.826706,2074.782189,2074.782189,-131.826706,-2074.782189,131.826706
0.000000,0.000000,-126.830766,-2072.095896,126.830766,2072.095896,2072.095896,-126.830766,-2072.095896,126.830766
0.000000,0.000000,-121.834104,-2069.398024,121.834104,2069.398024,2069.398024,-121.834104,-2069.398024,121.834104
0.000000,0.000000,-116.836744,-2066.688539,116.836744,2066.688539,2066.688539,-116.836744,-2066.688539,116.836744
0.000000,0.000000,-111.838713,-2063.967406,111.838713,2063.967406,2063.967406,-111.838713,-2063.967406,111.838713
0.000000,0.000000,-106.840034,-2061.234589,106.840034,2061.234589,2061.234589,-106.840034,-2061.234589,106.840034
0.000000,0.000000,-101.840735,-2058.490053,101.840735,2058.490053,2058.490053,-101.840735,-2058.490053,101.840735
0.000000,0.000000,-96.840840,-2055.733763,96.840840,2055.733763,2055.733763,-96.840840,-2055.733763,96.840840
0.000000,0.000000,-91.840375,-2052.965682,91.840375,2052.965682,2052.965682,-91.840375,-2052.965682,91.840375
0.000000,0.000000,-86.839368,-2050.185776,86.839368,2050.185776,2050.185776,-86.839368,-2050.185776,86.839368
0.000000,0.000000,-81.837844,-2047.394008,81.837844,2047.394008,2047.394008,-81.837844,-2047.394008,81.837844
0.000000,0.000000,-76.835831,-2044.590343,76.835831,2044.590343,2044.590343,-76.835831,-2044.590343,76.835831
0.000000,0.000000,-71.833354,-2041.774744,71.833354,2041.774744,2041.774744,-71.833354,-2041.774744,71.833354
0.000000,0.000000,-66.830443,-2038.947176,66.830443,2038.947176,2038.947176,-66.830443,-2038.947176,66.830443
0.000000,0.000000,-61.827123,-2036.107602,61.827123,2036.107602,2036.107602,-61.827123,-2036.107602,61.827123
0.000000,0.000000,-56.823423,-2033.255986,56.823423,2033.255986,2033.255986,-56.823423,-2033.255986,56.823423
0.000000,0.000000,-51.819371,-2030.392292,51.819371,2030.392292,2030.392292,-51.819371,-2030.392292,51.819371
0.000000,0.000000,-46.814996,-2027.516483,46.814996,2027.516483,2027.516483,-46.814996,-2027.516483,46.814996
0.000000,0.000000,-41.810325,-2024.628523,41.810325,2024.628523,2024.628523,-41.810325,-2024.628523,41.810325
0.000000,0.000000,-36.805387,-2021.728375,36.805387,2021.728375,2021.728375,-36.805387,-2021.728375,36.805387
0.000000,0.000000,-31.800212,-2018.816002,31.800212,2018.816002,2018.816002,-31.800212,-2018.816002,31.800212
0.000000,0.000000,-26.794829,-2015.891368,26.794829,2015.891368,2015.891368,-26.794829,-2015.891368,26.794829
0.000000,0.000000,-21.789267,-2012.954435,21.789267,2012.954435,2012.954435,-21.789267,-2012.954435,21.789267
0.000000,0.000000,-16.783556,-2010.005167,16.783556,2010.005167,2010.005167,-16.783556,-2010.005167,16.783556
0.000000,0.000000,-11.777727,-2007.043527,11.777727,2007.043527,2007.043527,-11.777727,-2007.043527,11.777727
0.000000,0.000000,-6.771810,-2004.069476,6.771810,2004.069476,2004.069476,-6.771810,-2004.069476,6.771810
0.000000,0.000000,-1.765835,-2001.082979,1.765835,2001.082979,2001.082979,-1.765835,-2001.082979,1.765835
0.000000,0.000000,3.240167,-1998.083997,-3.240167,1998.083997,1998.083997,3.240167,-1998.083997,-3.240167
0.000000,0.000000,8.246164,-1995.072493,-8.246164,1995.072493,1995.072493,8.246164,-1995.072493,-8.246164
0.000000,0.000000,13.252124,-1992.048429,-13.252124,1992.048429,1992.048429,13.252124,-1992.048429,-13.252124
0.000000,0.000000,18.258017,-1989.011769,-18.258017,1989.011769,1989.011769,18.258017,-1989.011769,-18.258017
0.000000,0.000000,23.263809,-1985.962473,-23.263809,1985.962473,1985.962473,23.263809,-1985.962473,-23.263809
0.000000,0.000000,28.269470,-1982.900505,-28.269470,1982.900505,1982.900505,28.269470,-1982.900505,-28.269470
